Video Name	Timeline	Head Position. x	Head Position. y	Head Position. z	Head Rotation. x	Head Rotation. y	Head Rotation. z	Controller Right Position. x	Controller Right Position. y	Controller Right Position. z	Controller Right Rotation. x	Controller Right Rotation. y	Controller Right Rotation. z	Controller Left Position. x	Controller Left Position. y	Controller Left Position. z	Controller Left Rotation. x	Controller Left Rotation. y	Controller Left Rotation. z	Eye. x	Eye. y	Eye. z	Eye Left Blinking	Eye Right Blinking	Combine Eye Gaze Point. x	Combine Eye Gaze Point. y	Combine Eye Gaze Point. z	Combine Eye Gaze Vector. x	Combine Eye Gaze Vector. y	Combine Eye Gaze Vector. z	Left Eye Pose Status	Right Eye Pose Status	Left Eye Position Guide. x	Left Eye Position Guide. y	Left Eye Position Guide. z	Right Eye Position Guide. x	Right Eye Position Guide. y	Right Eye Position Guide. z	Foveated Gaze Direction. x	Foveated Gaze Direction. y	Foveated Gaze Direction. z	Foveated Gaze Tracking State
Boxe_EPreN4_360_Testing_N1_S8_D	0.02	0.2134	1.5815	-0.0153	11.668	11.2292	354.4507	0.1259	1.3353	-0.025	320.9209	340.6978	7.3652	0.1134	0.7704	-0.0068	66.1915	74.7022	333.3694	-0.2394	0.1242	2.0061	True	True	-0.0309	-0.0089	0.0217	-0.1277	0.0849	0.9882	52	52	0.4871	0.7569	0	0.4871	0.7569	0	-0.1431	0.0807	-0.9864	0
Boxe_EPreN4_360_Testing_N1_S8_D	0.04	0.2114	1.5817	-0.0066	11.5565	11.3406	354.4311	0.1239	1.3351	-0.0168	321.0163	340.8326	7.1933	0.1137	0.7691	-0.001	66.0011	75.4525	333.6482	-0.2556	0.1116	2.0053	True	True	-0.0309	-0.009	0.0217	-0.1216	0.0519	0.9912	52	52	0.4871	0.7625	0	0.4871	0.7625	0	-0.1369	0.0476	-0.9894	0
Boxe_EPreN4_360_Testing_N1_S8_D	0.06	0.207	1.5817	0.0127	11.2514	11.6369	354.3305	0.1196	1.333	0	321.2166	341.0161	6.7434	0.1143	0.7676	0.0102	65.0937	79.3908	335.4501	-0.2633	0.115	2.0043	True	True	-0.0309	-0.0089	0.0217	-0.1206	0.0641	0.9906	52	52	0.4868	0.7593	0	0.4868	0.7593	0	-0.136	0.0598	-0.9889	0
Boxe_EPreN4_360_Testing_N1_S8_D	0.08	0.2029	1.5812	0.0291	11.0855	11.8353	354.3111	0.1146	1.3295	0.0179	321.5891	340.8588	6.4236	0.1136	0.7664	0.0215	64.7909	81.9186	336.6565	-0.2797	0.0965	2.0034	True	True	-0.03	-0.009	0.0217	-0.1338	0.0396	0.9902	52	52	0.4841	0.7634	0	0.4841	0.7634	0	-0.1487	0.0353	-0.9882	0
Boxe_EPreN4_360_Testing_N1_S8_D	0.09999999	0.2029	1.5812	0.0291	11.0855	11.8353	354.3111	0.1146	1.3295	0.0179	321.5891	340.8588	6.4236	0.1136	0.7664	0.0215	64.7909	81.9186	336.6565	-0.2882	0.0857	2.0029	True	True	-0.03	-0.009	0.0217	-0.1338	0.0396	0.9902	52	52	0.4841	0.7634	0	0.4841	0.7634	0	-0.1487	0.0353	-0.9882	0
Boxe_EPreN4_360_Testing_N1_S8_D	0.12	0.199	1.5815	0.045	11.0124	11.8615	354.441	0.109	1.3255	0.0355	322.3757	340.3137	6.6669	0.1117	0.7656	0.034	64.8513	81.8265	336.619	-0.2738	0.0665	2.0049	True	True	-0.0275	-0.0089	0.0216	-0.1141	0.0252	0.9932	52	52	0.486	0.7653	0	0.486	0.7653	0	-0.1278	0.0208	-0.9916	0
Boxe_EPreN4_360_Testing_N1_S8_D	0.14	0.1954	1.5823	0.0613	11.0397	11.8525	354.5659	0.1031	1.3225	0.0539	323.7065	339.5655	7.3391	0.1096	0.7622	0.0461	64.7571	82.2264	336.7749	-0.2779	0.0655	2.0035	True	True	-0.0137	-0.0088	0.0211	-0.1346	0.0364	0.9902	52	52	0.4836	0.7623	0	0.4836	0.7623	0	-0.1416	0.0322	-0.9894	0
Boxe_EPreN4_360_Testing_N1_S8_D	0.16	0.1915	1.5839	0.0806	11.2472	11.9997	354.4838	0.0957	1.322	0.0815	325.0026	339.6589	7.2189	0.1053	0.7594	0.0654	64.8792	81.7742	336.7372	-0.2785	0.0625	2.0036	True	True	-0.023	-0.0088	0.0213	-0.128	0.0336	0.9912	52	52	0.4858	0.7617	0	0.4858	0.7617	0	-0.1396	0.0293	-0.9898	0
Boxe_EPreN4_360_Testing_N1_S8_D	0.18	0.1862	1.5864	0.1063	11.4507	12.3423	354.4555	0.0927	1.3316	0.1086	325.4684	341.6202	5.0389	0.0988	0.7692	0.0817	64.8515	89.1459	341.7261	-0.258	0.0613	2.0065	True	True	-0.0306	-0.0088	0.0216	-0.0995	0.0342	0.9944	52	52	0.4913	0.7597	0	0.4913	0.7597	0	-0.1147	0.0299	-0.9929	0
Boxe_EPreN4_360_Testing_N1_S8_D	0.2	0.1862	1.5864	0.1063	11.4507	12.3423	354.4555	0.0927	1.3316	0.1086	325.4684	341.6202	5.0389	0.0988	0.7692	0.0817	64.8515	89.1459	341.7261	-0.2462	0.0606	2.0082	True	True	-0.0306	-0.0088	0.0216	-0.0995	0.0342	0.9944	52	52	0.4913	0.7597	0	0.4913	0.7597	0	-0.1147	0.0299	-0.9929	0
Boxe_EPreN4_360_Testing_N1_S8_D	0.22	0.1827	1.5888	0.1268	11.6853	12.7171	354.5095	0.0915	1.3369	0.126	325.3665	342.7917	4.3412	0.0956	0.7754	0.0926	63.7957	94.7124	344.8504	-0.3131	0.0802	1.9996	True	True	-0.0304	-0.0089	0.0217	-0.1741	0.0572	0.9831	52	52	0.4824	0.7581	0	0.4824	0.7581	0	-0.189	0.053	-0.9805	0
Boxe_EPreN4_360_Testing_N1_S8_D	0.24	0.18	1.5911	0.1447	11.669	13.2261	354.5785	0.0897	1.3387	0.1425	325.8536	343.587	4.0823	0.0932	0.7798	0.1048	63.4303	95.303	345.3322	-0.3242	0.0814	1.9981	True	True	-0.0302	-0.0088	0.0217	-0.1531	0.046	0.9871	52	52	0.4854	0.7593	0	0.4854	0.7593	0	-0.168	0.0417	-0.9849	0
Boxe_EPreN4_360_Testing_N1_S8_D	0.26	0.18	1.5911	0.1447	11.669	13.2261	354.5785	0.0897	1.3387	0.1425	325.8536	343.587	4.0823	0.0932	0.7798	0.1048	63.4303	95.303	345.3322	-0.33	0.0821	1.9972	True	True	-0.0302	-0.0088	0.0217	-0.1531	0.046	0.9871	52	52	0.4854	0.7593	0	0.4854	0.7593	0	-0.168	0.0417	-0.9849	0
Boxe_EPreN4_360_Testing_N1_S8_D	0.28	0.1779	1.5918	0.1574	11.6433	13.6064	354.6068	0.089	1.3387	0.1498	326.1875	343.8352	3.9794	0.0924	0.7857	0.1113	63.4711	94.0883	345.0866	-0.3019	0.067	2.0013	True	True	-0.0304	-0.0089	0.0216	-0.1167	0.0278	0.9928	52	52	0.4903	0.7634	0	0.4903	0.7634	0	-0.1318	0.0235	-0.991	0
Boxe_EPreN4_360_Testing_N1_S8_D	0.3	0.1762	1.5922	0.1697	11.8306	13.9832	354.575	0.0867	1.3398	0.1647	326.6122	344.4831	3.7728	0.0903	0.7908	0.1236	63.0208	95.5533	346.8214	-0.2958	0.0657	2.0023	True	True	-0.0306	-0.009	0.0217	-0.1287	0.0365	0.991	52	52	0.4888	0.7634	0	0.4888	0.7634	0	-0.1438	0.0321	-0.9891	0
Boxe_EPreN4_360_Testing_N1_S8_D	0.32	0.1751	1.5932	0.1798	12.1518	14.4035	354.563	0.0857	1.3401	0.1715	326.8525	344.8254	3.7272	0.0893	0.7917	0.1287	62.9083	96.378	347.8824	-0.2477	0.0556	2.0075	True	True	-0.0303	-0.0091	0.0217	-0.0795	0.0256	0.9965	52	52	0.5056	0.7693	0	0.5056	0.7693	0	-0.0946	0.0212	-0.9953	0
Boxe_EPreN4_360_Testing_N1_S8_D	0.34	0.174	1.5938	0.1887	12.3453	14.8909	354.5955	0.0847	1.3393	0.1754	327.0712	345.2378	3.7491	0.0879	0.7919	0.1333	62.8166	96.7175	347.9865	-0.1944	0.0192	2.0122	True	True	-0.0302	-0.0091	0.0215	-0.0531	-0.0064	0.9986	52	52	0.5147	0.7734	0	0.5147	0.7734	0	-0.0681	-0.011	-0.9976	0
Boxe_EPreN4_360_Testing_N1_S8_D	0.36	0.1726	1.5939	0.1969	12.4764	15.4984	354.8469	0.0828	1.3384	0.1858	327.4522	346.0358	3.7587	0.085	0.7933	0.1428	62.4663	97.7419	348.2989	-0.1689	0.0137	2.0148	True	True	-0.0303	-0.0091	0.0216	-0.0552	0.0081	0.9984	52	52	0.5137	0.7711	0	0.5137	0.7711	0	-0.0703	0.0036	-0.9975	0
Boxe_EPreN4_360_Testing_N1_S8_D	0.38	0.1712	1.5937	0.2035	12.6048	15.9548	355.1075	0.0822	1.3372	0.1876	327.6829	346.4503	3.7272	0.0835	0.7933	0.1465	62.2991	98.1302	347.7907	-0.1574	-0.0035	2.0163	True	True	-0.0303	-0.0091	0.0216	-0.057	-0.0072	0.9983	52	52	0.5123	0.773	0	0.5123	0.773	0	-0.0721	-0.0117	-0.9973	0
Boxe_EPreN4_360_Testing_N1_S8_D	0.4	0.1699	1.5938	0.2094	12.7512	16.3111	355.3027	0.0813	1.3363	0.1901	327.8631	346.7238	3.6406	0.0823	0.7938	0.1488	62.2373	98.1463	347.3796	-0.1702	0.0008	2.016	True	True	-0.0302	-0.0091	0.0218	-0.0782	0.0077	0.9969	52	52	0.5068	0.7698	0	0.5068	0.7698	0	-0.0933	0.0032	-0.9956	0
Boxe_EPreN4_360_Testing_N1_S8_D	0.42	0.1672	1.5934	0.219	13.137	16.9758	355.352	0.0776	1.3332	0.1963	328.597	347.3288	3.7817	0.0796	0.798	0.158	61.7687	98.915	347.9579	-0.1775	-0.0065	2.0158	True	True	-0.0302	-0.0091	0.0217	-0.0784	-0.0032	0.9969	52	52	0.5041	0.7709	0	0.5041	0.7709	0	-0.0935	-0.0076	-0.9956	0
Boxe_EPreN4_360_Testing_N1_S8_D	0.4400001	0.1657	1.5934	0.2226	13.3178	17.1723	355.4153	0.0757	1.3324	0.1975	328.8539	347.3647	4.0393	0.0792	0.8	0.1593	61.5531	99.0332	348.2064	-0.1994	0.006	2.014	True	True	-0.0294	-0.009	0.0217	-0.1003	0.0159	0.9948	52	52	0.5006	0.768	0	0.5006	0.768	0	-0.1149	0.0114	-0.9933	0
Boxe_EPreN4_360_Testing_N1_S8_D	0.4600001	0.1642	1.5928	0.2253	13.4477	17.2955	355.501	0.0734	1.3323	0.1969	329.0259	347.3288	4.3338	0.0787	0.8009	0.1606	61.3922	99.0339	348.2227	-0.205	0.0089	2.0136	True	True	-0.0293	-0.009	0.0217	-0.0917	0.0109	0.9957	52	52	0.4998	0.7666	0	0.4998	0.7666	0	-0.1063	0.0065	-0.9943	0
Boxe_EPreN4_360_Testing_N1_S8_D	0.4800001	0.1627	1.5925	0.2274	13.594	17.362	355.6395	0.0713	1.3322	0.197	329.1535	347.3626	4.5158	0.0785	0.8024	0.1608	61.1201	98.8352	347.8849	-0.2045	0.0206	2.0136	True	True	-0.0296	-0.009	0.0217	-0.0871	0.0231	0.9959	52	52	0.5	0.7649	0	0.5	0.7649	0	-0.1019	0.0187	-0.9946	0
Boxe_EPreN4_360_Testing_N1_S8_D	0.5000001	0.1602	1.5923	0.228	13.8393	17.4916	355.838	0.0684	1.3346	0.1966	329.3386	347.3484	4.6832	0.0773	0.8069	0.1633	60.3538	98.5455	347.2341	-0.2087	0.0198	2.0133	True	True	-0.0301	-0.009	0.0217	-0.0923	0.0138	0.9956	52	52	0.4991	0.7655	0	0.4991	0.7655	0	-0.1073	0.0094	-0.9942	0
Boxe_EPreN4_360_Testing_N1_S8_D	0.52	0.1582	1.592	0.228	13.9812	17.5138	355.8989	0.0668	1.3349	0.195	329.3797	347.2417	4.7323	0.077	0.8097	0.1632	59.7683	98.243	346.6992	-0.2152	0.0174	2.0128	True	True	-0.0297	-0.009	0.0217	-0.0974	0.0116	0.9952	52	52	0.4982	0.7659	0	0.4982	0.7659	0	-0.1122	0.0072	-0.9937	0
Boxe_EPreN4_360_Testing_N1_S8_D	0.54	0.1566	1.5914	0.2274	14.0201	17.5637	355.9129	0.066	1.3358	0.1918	329.4239	347.106	4.8509	0.0768	0.8124	0.162	59.3531	97.954	346.2822	-0.2197	0.017	2.0123	True	True	-0.0279	-0.009	0.0216	-0.099	0.0126	0.995	52	52	0.4981	0.7657	0	0.4981	0.7657	0	-0.113	0.0082	-0.9936	0
Boxe_EPreN4_360_Testing_N1_S8_D	0.56	0.1537	1.5907	0.2235	14.0523	17.727	356.1583	0.0634	1.3353	0.188	329.4969	346.8917	5.2006	0.0761	0.8186	0.161	58.6131	97.3364	345.5806	-0.2223	0.017	2.0121	True	True	-0.0287	-0.009	0.0216	-0.0986	0.013	0.995	52	52	0.4982	0.7654	0	0.4982	0.7654	0	-0.113	0.0086	-0.9936	0
Boxe_EPreN4_360_Testing_N1_S8_D	0.58	0.1516	1.5902	0.2202	14.0068	17.8386	356.4452	0.0626	1.3347	0.1837	329.5243	346.8723	5.5532	0.076	0.8223	0.1594	57.9928	97.0699	345.381	-0.2275	0.0178	2.0116	True	True	-0.0298	-0.009	0.0217	-0.1025	0.0139	0.9946	52	52	0.4982	0.7651	0	0.4982	0.7651	0	-0.1173	0.0095	-0.993	0
Boxe_EPreN4_360_Testing_N1_S8_D	0.6	0.1493	1.59	0.2143	13.9985	17.9611	356.766	0.0606	1.3342	0.177	329.4687	346.7445	6.3222	0.0755	0.8289	0.1547	56.6809	96.556	344.7217	-0.2317	0.0189	2.0112	True	True	-0.0301	-0.009	0.0217	-0.1037	0.0147	0.9945	52	52	0.4981	0.765	0	0.4981	0.765	0	-0.1186	0.0103	-0.9929	0
Boxe_EPreN4_360_Testing_N1_S8_D	0.6199999	0.1473	1.5901	0.2077	13.9135	18.1138	356.9255	0.0601	1.334	0.1703	329.1455	346.5353	7.0665	0.075	0.8326	0.1514	55.8321	96.1676	343.7707	-0.2352	0.0198	2.0109	True	True	-0.0302	-0.009	0.0217	-0.1049	0.015	0.9944	52	52	0.4979	0.7649	0	0.4979	0.7649	0	-0.1199	0.0106	-0.9927	0
Boxe_EPreN4_360_Testing_N1_S8_D	0.6399999	0.1455	1.5897	0.2013	13.6789	18.3021	356.8649	0.0596	1.3345	0.1644	328.8437	346.4002	7.6116	0.0735	0.8369	0.1466	55.108	95.6059	342.0694	-0.2331	0.0251	2.011	True	True	-0.0302	-0.0089	0.0216	-0.1001	0.0207	0.9948	52	52	0.4999	0.761	0	0.4999	0.761	0	-0.1151	0.0164	-0.9932	0
Boxe_EPreN4_360_Testing_N1_S8_D	0.6599999	0.1434	1.5895	0.1911	13.2954	18.5647	356.8648	0.058	1.3346	0.1525	328.2975	346.3304	8.3058	0.0714	0.8449	0.1401	54.2827	94.8033	340.083	-0.2508	0.0336	2.009	True	True	-0.0298	-0.0088	0.0217	-0.1215	0.0272	0.9922	52	52	0.4972	0.7591	0	0.4972	0.7591	0	-0.1364	0.0228	-0.9904	0
Boxe_EPreN4_360_Testing_N1_S8_D	0.6799999	0.1402	1.5891	0.1719	12.908	18.7792	356.8004	0.056	1.3356	0.1381	327.6411	346.3046	8.9451	0.0682	0.8577	0.1287	53.7801	93.2891	338.3198	-0.2588	0.0389	2.008	True	True	-0.0298	-0.0089	0.0217	-0.1197	0.0276	0.9924	52	52	0.4962	0.7609	0	0.4962	0.7609	0	-0.1345	0.0232	-0.9906	0
Boxe_EPreN4_360_Testing_N1_S8_D	0.6999999	0.1389	1.5893	0.162	13.0193	18.8258	356.6787	0.0542	1.3355	0.1281	327.2206	346.0842	9.3725	0.0664	0.8631	0.1218	53.178	92.7931	337.7789	-0.2606	0.0389	2.0078	True	True	-0.0302	-0.0089	0.0217	-0.1163	0.024	0.9929	52	52	0.4963	0.7623	0	0.4963	0.7623	0	-0.1313	0.0196	-0.9911	0
Boxe_EPreN4_360_Testing_N1_S8_D	0.7199998	0.1374	1.5902	0.1467	13.1316	18.8981	356.4895	0.0515	1.3373	0.1125	326.5869	345.6775	9.9952	0.0629	0.8758	0.1076	52.5315	92.0775	337.028	-0.2561	0.0296	2.0085	True	True	-0.0305	-0.009	0.0217	-0.1098	0.0129	0.9939	52	52	0.497	0.7642	0	0.497	0.7642	0	-0.125	0.0086	-0.9921	0
Boxe_EPreN4_360_Testing_N1_S8_D	0.7399998	0.1366	1.5919	0.1341	13.1716	18.916	356.3724	0.0501	1.3404	0.1017	326.2369	345.3414	10.3157	0.0605	0.8831	0.0989	52.2485	91.9348	336.7643	-0.2649	0.0236	2.0076	True	True	-0.0305	-0.009	0.0217	-0.1227	0.0122	0.9924	52	52	0.4951	0.7643	0	0.4951	0.7643	0	-0.1379	0.0078	-0.9904	0
Boxe_EPreN4_360_Testing_N1_S8_D	0.7599998	0.1359	1.593	0.122	13.1022	18.9172	356.2736	0.0486	1.3433	0.0912	326.1968	344.9064	10.7499	0.0579	0.8903	0.0897	51.9336	91.8713	336.6934	-0.2665	0.0281	2.0073	True	True	-0.0292	-0.0088	0.0216	-0.1197	0.0217	0.9926	52	52	0.4952	0.7587	0	0.4952	0.7587	0	-0.1342	0.0174	-0.9908	0
Boxe_EPreN4_360_Testing_N1_S8_D	0.7799998	0.1355	1.5949	0.1048	13.1188	18.9319	356.1115	0.0459	1.3481	0.0716	325.527	344.2186	11.7728	0.0527	0.9014	0.0708	51.2584	91.3969	336.6048	-0.2719	0.0215	2.0065	True	True	-0.0262	-0.0088	0.0215	-0.1263	0.0106	0.9919	52	52	0.4944	0.7611	0	0.4944	0.7611	0	-0.1394	0.0063	-0.9902	0
Boxe_EPreN4_360_Testing_N1_S8_D	0.7999998	0.1354	1.5966	0.0906	13.2155	18.8779	355.9519	0.0448	1.35	0.0583	325.6109	343.7702	11.9948	0.0499	0.9062	0.0603	50.8727	90.5231	336.1453	-0.2762	0.0262	2.0054	True	True	-0.0205	-0.0088	0.0214	-0.1305	0.0208	0.9912	52	52	0.4936	0.7606	0	0.4936	0.7606	0	-0.1408	0.0166	-0.9899	0
Boxe_EPreN4_360_Testing_N1_S8_D	0.8199998	0.1355	1.5972	0.0769	13.4153	18.8239	355.7366	0.044	1.3528	0.0465	325.6025	343.4471	11.9277	0.0469	0.9105	0.0491	50.7	89.1631	335.9428	-0.2631	0.0238	2.0065	True	True	-0.0169	-0.0088	0.0212	-0.1138	0.0147	0.9934	52	52	0.4965	0.7635	0	0.4965	0.7635	0	-0.1223	0.0104	-0.9924	0
Boxe_EPreN4_360_Testing_N1_S8_D	0.8399997	0.1358	1.5986	0.0589	13.7516	18.6398	355.6657	0.0431	1.3579	0.0228	325.2596	342.8101	11.4618	0.0413	0.9194	0.0291	50.6313	87.1924	335.9631	-0.2626	0.0213	2.0064	True	True	-0.0191	-0.0089	0.0212	-0.1215	0.0134	0.9925	52	52	0.4952	0.7648	0	0.4952	0.7648	0	-0.1311	0.009	-0.9913	0
Boxe_EPreN4_360_Testing_N1_S8_D	0.8599997	0.1364	1.5995	0.0435	13.9011	18.3737	355.6473	0.0434	1.3603	0.0113	325.0253	342.5787	10.6078	0.0382	0.9222	0.0173	51.0613	85.8423	335.7625	-0.2529	0.0194	2.0075	True	True	-0.0208	-0.0089	0.0213	-0.1092	0.0128	0.9939	52	52	0.4957	0.7654	0	0.4957	0.7654	0	-0.1197	0.0084	-0.9928	0
Boxe_EPreN4_360_Testing_N1_S8_D	0.8799997	0.1374	1.5997	0.0303	13.8541	18.3029	355.467	0.0448	1.3608	-0.0024	324.8239	342.784	9.6158	0.0352	0.926	0.0055	51.3271	85.3805	335.3164	-0.27	0.0198	2.006	True	True	-0.0276	-0.009	0.0216	-0.132	0.0147	0.9911	52	52	0.4916	0.7647	0	0.4916	0.7647	0	-0.1457	0.0103	-0.9893	0
Boxe_EPreN4_360_Testing_N1_S8_D	0.8999997	0.1396	1.5993	0.0003	13.6222	18.1978	355.1306	0.0479	1.3593	-0.0369	324.3746	343.0148	9.103	0.0286	0.9352	-0.0257	51.0691	84.3402	334.4703	-0.2691	0.0106	2.0066	True	True	-0.0304	-0.009	0.0216	-0.1187	0.0037	0.9929	52	52	0.4946	0.7658	0	0.4946	0.7658	0	-0.1339	-0.0007	-0.991	0
Boxe_EPreN4_360_Testing_N1_S8_D	0.9199997	0.1406	1.5984	-0.0124	13.6072	17.903	354.9137	0.0487	1.3572	-0.0469	324.2307	342.9377	8.8081	0.0284	0.9367	-0.0353	49.9629	83.3974	333.7767	-0.2683	0.0145	2.0069	True	True	-0.0305	-0.009	0.0217	-0.1183	0.0145	0.9929	52	52	0.4919	0.7651	0	0.4919	0.7651	0	-0.1334	0.0101	-0.991	0
Boxe_EPreN4_360_Testing_N1_S8_D	0.9399996	0.1427	1.5963	-0.0266	13.7173	17.5616	354.5045	0.0489	1.3536	-0.0643	324.2406	342.6848	8.2035	0.0263	0.941	-0.0543	48.6828	81.408	333.7955	-0.2711	0.0193	2.0067	True	True	-0.0301	-0.009	0.0217	-0.1224	0.0175	0.9923	52	52	0.4916	0.7656	0	0.4916	0.7656	0	-0.1374	0.0131	-0.9904	0
Boxe_EPreN4_360_Testing_N1_S8_D	0.9599996	0.1447	1.5948	-0.0389	13.8244	17.4651	354.0929	0.0486	1.3512	-0.0721	324.394	342.628	8.0889	0.0261	0.9403	-0.0627	49.2529	80.3126	336.0782	-0.2539	0.0223	2.0085	True	True	-0.0292	-0.009	0.0216	-0.1007	0.0178	0.9948	52	52	0.4955	0.7646	0	0.4955	0.7646	0	-0.1153	0.0134	-0.9932	0
Boxe_EPreN4_360_Testing_N1_S8_D	0.9799996	0.1458	1.5931	-0.0495	13.7918	17.5867	353.5724	0.0481	1.3489	-0.0788	324.4143	342.8384	8.1973	0.025	0.9403	-0.0706	49.9227	79.8862	336.9914	-0.2549	0.0236	2.0083	True	True	-0.0273	-0.009	0.0215	-0.1146	0.0173	0.9933	52	52	0.4946	0.7641	0	0.4946	0.7641	0	-0.1282	0.0129	-0.9917	0
Boxe_EPreN4_360_Testing_N1_S8_D	0.9999996	0.1478	1.5909	-0.0619	13.8865	17.7398	352.8742	0.0475	1.3459	-0.095	324.382	343.255	7.9368	0.0227	0.9412	-0.0872	50.4405	80.5701	336.9948	-0.2565	0.0291	2.0077	True	True	-0.0233	-0.009	0.0213	-0.1177	0.0228	0.9928	52	52	0.4947	0.7634	0	0.4947	0.7634	0	-0.1294	0.0185	-0.9914	0
Boxe_EPreN4_360_Testing_N1_S8_D	1.02	0.1487	1.5889	-0.0717	13.9542	17.8633	352.5006	0.0468	1.3454	-0.101	324.2063	343.5529	7.7075	0.0217	0.9412	-0.0949	50.1165	81.4383	335.9628	-0.2526	0.0393	2.0074	True	True	-0.0175	-0.0089	0.0211	-0.1148	0.0309	0.9929	52	52	0.495	0.7635	0	0.495	0.7635	0	-0.1236	0.0265	-0.992	0
Boxe_EPreN4_360_Testing_N1_S8_D	1.04	0.1497	1.5863	-0.0809	14.0225	17.9722	352.2446	0.0461	1.3447	-0.1072	324.0089	343.843	7.4079	0.0209	0.94	-0.1022	49.7308	82.0344	335.0569	-0.2535	0.0441	2.0068	True	True	-0.0172	-0.0089	0.0211	-0.1188	0.0298	0.9925	52	52	0.4925	0.7635	0	0.4925	0.7635	0	-0.1275	0.0255	-0.9915	0
Boxe_EPreN4_360_Testing_N1_S8_D	1.06	0.1511	1.584	-0.0903	14.1179	18.13	352.0662	0.0449	1.3428	-0.1195	323.6282	344.4356	6.8233	0.0189	0.9404	-0.1167	49.3413	83.3716	334.8392	-0.2508	0.0365	2.0071	True	True	-0.0169	-0.0089	0.0211	-0.115	0.0173	0.9932	52	52	0.4921	0.7662	0	0.4921	0.7662	0	-0.1235	0.0129	-0.9923	0
Boxe_EPreN4_360_Testing_N1_S8_D	1.08	0.1518	1.582	-0.0991	14.2962	18.2314	352.0852	0.0445	1.342	-0.1231	323.3666	344.7499	6.4571	0.018	0.9401	-0.1214	49.4239	84.3027	335.622	-0.2488	0.0355	2.0071	True	True	-0.0136	-0.0089	0.021	-0.1162	0.0215	0.993	52	52	0.4916	0.7653	0	0.4916	0.7653	0	-0.1232	0.0171	-0.9922	0
Boxe_EPreN4_360_Testing_N1_S8_D	1.1	0.1537	1.5783	-0.1136	14.6808	18.5017	351.7159	0.0445	1.3386	-0.1357	323.0209	345.5484	5.8475	0.0152	0.9354	-0.1323	50.5373	86.0826	337.1628	-0.2479	0.0362	2.0077	True	True	-0.025	-0.0089	0.0215	-0.1108	0.0231	0.9936	52	52	0.4898	0.763	0	0.4898	0.763	0	-0.1233	0.0187	-0.9922	0
Boxe_EPreN4_360_Testing_N1_S8_D	1.12	0.1542	1.5762	-0.1205	14.5814	18.7716	351.4285	0.045	1.3376	-0.1387	322.9082	345.9464	5.8043	0.0154	0.9336	-0.132	50.5738	85.7205	335.94	-0.2494	0.0341	2.0079	True	True	-0.0252	-0.0089	0.0214	-0.1132	0.02	0.9934	52	52	0.4892	0.7623	0	0.4892	0.7623	0	-0.1258	0.0156	-0.9919	0
Boxe_EPreN4_360_Testing_N1_S8_D	1.14	0.1546	1.5742	-0.1261	14.3007	19.057	351.2718	0.0458	1.3367	-0.1408	322.7307	346.5105	5.8586	0.0157	0.9323	-0.1329	50.4744	85.2823	334.4055	-0.2571	0.0393	2.0071	True	True	-0.0258	-0.0089	0.0215	-0.121	0.0276	0.9923	52	52	0.4874	0.7606	0	0.4874	0.7606	0	-0.1338	0.0233	-0.9907	0
Boxe_EPreN4_360_Testing_N1_S8_D	1.159999	0.1546	1.5719	-0.1321	13.9128	19.4642	351.2177	0.0466	1.3348	-0.1475	322.3269	347.2823	5.8996	0.0171	0.93	-0.1357	50.1029	84.499	332.415	-0.2622	0.0391	2.0068	True	True	-0.0275	-0.0089	0.0216	-0.1208	0.0238	0.9924	52	52	0.4871	0.7611	0	0.4871	0.7611	0	-0.1345	0.0195	-0.9907	0
Boxe_EPreN4_360_Testing_N1_S8_D	1.179999	0.1546	1.5699	-0.1364	13.6623	19.767	351.3032	0.0467	1.3338	-0.149	322.1802	347.3955	5.8986	0.0181	0.9286	-0.1371	50.0352	84.5697	332.7581	-0.2766	0.0346	2.0053	True	True	-0.0274	-0.0089	0.0216	-0.1338	0.0186	0.9908	52	52	0.4843	0.7632	0	0.4843	0.7632	0	-0.1474	0.0142	-0.989	0
Boxe_EPreN4_360_Testing_N1_S8_D	1.199999	0.1546	1.5685	-0.1404	13.5745	20.0279	351.4094	0.0465	1.3327	-0.1515	322.1104	347.408	5.8533	0.0201	0.9279	-0.1381	50.1081	84.9453	333.8648	-0.2898	0.0279	2.0041	True	True	-0.0307	-0.009	0.0217	-0.1378	0.0139	0.9904	52	52	0.4832	0.7653	0	0.4832	0.7653	0	-0.153	0.0095	-0.9882	0
Boxe_EPreN4_360_Testing_N1_S8_D	1.219999	0.1542	1.5671	-0.1438	13.5966	20.2988	351.5269	0.0456	1.3303	-0.1554	322.0172	347.3756	5.7461	0.0222	0.9258	-0.142	49.8916	85.5541	334.7168	-0.2957	0.0256	2.0036	True	True	-0.031	-0.009	0.0217	-0.136	0.0157	0.9906	52	52	0.4829	0.7659	0	0.4829	0.7659	0	-0.1514	0.0113	-0.9884	0
Boxe_EPreN4_360_Testing_N1_S8_D	1.239999	0.1538	1.5663	-0.1463	13.7241	20.3497	351.607	0.0447	1.329	-0.1562	322.0388	347.3257	5.7319	0.0241	0.9244	-0.143	49.5544	86.1319	335.6504	-0.3113	0.0219	2.0017	True	True	-0.0311	-0.009	0.0217	-0.1494	0.0129	0.9887	52	52	0.4799	0.7668	0	0.4799	0.7668	0	-0.1647	0.0085	-0.9863	0
Boxe_EPreN4_360_Testing_N1_S8_D	1.259999	0.1539	1.5653	-0.1481	13.8365	20.3053	351.7035	0.0437	1.3275	-0.1563	322.0922	347.2823	5.763	0.0253	0.9232	-0.1441	49.4959	86.1688	335.5887	-0.3044	0.0186	2.0027	True	True	-0.0311	-0.009	0.0217	-0.1321	0.0116	0.9912	52	52	0.4806	0.7667	0	0.4806	0.7667	0	-0.1475	0.0072	-0.989	0
Boxe_EPreN4_360_Testing_N1_S8_D	1.279999	0.1541	1.5646	-0.1495	13.8702	20.2798	351.788	0.043	1.327	-0.1557	322.1934	347.2541	5.7306	0.0261	0.9221	-0.1452	49.496	86.1344	335.4187	-0.3118	0.0072	2.0018	True	True	-0.0312	-0.009	0.0217	-0.1449	0.0006	0.9894	52	52	0.4785	0.7681	0	0.4785	0.7681	0	-0.1603	-0.0038	-0.9871	0
Boxe_EPreN4_360_Testing_N1_S8_D	1.299999	0.154	1.564	-0.1502	13.8934	20.2941	351.8637	0.0424	1.3258	-0.1566	322.3307	347.2949	5.5079	0.0272	0.9198	-0.1475	49.4042	86.2613	334.8718	-0.3181	-0.0019	2.001	True	True	-0.0311	-0.009	0.0217	-0.1474	-0.0023	0.9891	52	52	0.4795	0.7672	0	0.4795	0.7672	0	-0.1628	-0.0066	-0.9866	0
Boxe_EPreN4_360_Testing_N1_S8_D	1.319999	0.1538	1.563	-0.151	13.9838	20.2227	351.64	0.0429	1.3267	-0.1555	322.3931	347.4117	5.1885	0.028	0.9204	-0.1492	49.3447	86.6171	334.5667	-0.3212	0.0025	2.0006	True	True	-0.0311	-0.0089	0.0217	-0.147	0.0087	0.9891	52	52	0.4801	0.7652	0	0.4801	0.7652	0	-0.1624	0.0043	-0.9867	0
Boxe_EPreN4_360_Testing_N1_S8_D	1.339999	0.1538	1.5629	-0.1504	14.0309	20.1303	351.5329	0.0432	1.3275	-0.1543	322.4742	347.6197	5.0377	0.0287	0.9213	-0.1509	49.3196	87.2923	334.8753	-0.3218	0.0073	2.0004	True	True	-0.0311	-0.0089	0.0217	-0.1458	0.0115	0.9893	52	52	0.4802	0.7648	0	0.4802	0.7648	0	-0.1611	0.0071	-0.9869	0
Boxe_EPreN4_360_Testing_N1_S8_D	1.359999	0.154	1.5626	-0.1498	14.0295	20.1287	351.4378	0.0434	1.328	-0.154	322.4691	347.7843	5.008	0.0289	0.9239	-0.1509	49.2409	87.8665	335.397	-0.3216	0.0113	2.0004	True	True	-0.0311	-0.0089	0.0217	-0.1451	0.0129	0.9893	52	52	0.4803	0.7648	0	0.4803	0.7648	0	-0.1605	0.0085	-0.987	0
Boxe_EPreN4_360_Testing_N1_S8_D	1.379999	0.1541	1.5625	-0.149	13.9906	20.2286	351.408	0.0435	1.3284	-0.1527	322.4583	347.9444	5.0038	0.029	0.9253	-0.1508	49.0838	88.4506	335.8512	-0.3195	0.0084	2.0007	True	True	-0.0307	-0.0089	0.0217	-0.143	0.0067	0.9897	52	52	0.4819	0.7658	0	0.4819	0.7658	0	-0.1582	0.0023	-0.9874	0
Boxe_EPreN4_360_Testing_N1_S8_D	1.399999	0.1541	1.5623	-0.1477	13.9128	20.404	351.3766	0.0435	1.3286	-0.1498	322.4388	348.17	5.026	0.0293	0.9277	-0.1508	48.8296	89.5284	336.7305	-0.3047	0.0063	2.0021	True	True	-0.0229	-0.0089	0.0213	-0.1303	0.0062	0.9915	52	52	0.4849	0.7676	0	0.4849	0.7676	0	-0.1418	0.0018	-0.9899	0
Boxe_EPreN4_360_Testing_N1_S8_D	1.419999	0.154	1.5624	-0.1461	13.8432	20.5937	351.4057	0.0436	1.3283	-0.1475	322.4283	348.2555	5.0726	0.0287	0.9288	-0.1492	48.6989	90.368	337.5128	-0.3104	0.0134	2	True	True	-0.0112	-0.0089	0.0209	-0.1533	0.0162	0.988	52	52	0.4827	0.7672	0	0.4827	0.7672	0	-0.1591	0.0119	-0.9872	0
Boxe_EPreN4_360_Testing_N1_S8_D	1.439999	0.154	1.5624	-0.1447	13.8166	20.7042	351.3885	0.0434	1.3279	-0.1452	322.4145	348.2754	5.1091	0.0283	0.929	-0.1482	48.6027	91.1158	337.9858	-0.3076	0.0243	1.9989	True	True	-0.0036	-0.0088	0.0206	-0.1502	0.024	0.9884	52	52	0.4845	0.7669	0	0.4845	0.7669	0	-0.1523	0.0197	-0.9881	0
Boxe_EPreN4_360_Testing_N1_S8_D	1.459999	0.1539	1.5625	-0.1424	13.8206	20.8129	351.3742	0.0432	1.3276	-0.1413	322.419	348.3162	5.1083	0.0272	0.9296	-0.1456	48.5531	92.1164	338.3191	-0.3176	0.0321	1.9964	True	True	-0.0034	-0.0089	0.0206	-0.1634	0.0257	0.9862	52	52	0.4798	0.7682	0	0.4798	0.7682	0	-0.1655	0.0214	-0.986	0
Boxe_EPreN4_360_Testing_N1_S8_D	1.479999	0.154	1.5628	-0.1401	13.8617	20.8406	351.4108	0.0428	1.3277	-0.1384	322.4602	348.2863	5.0358	0.0264	0.9295	-0.1438	48.6448	92.7807	338.4918	-0.3217	0.0333	1.9956	True	True	-0.0076	-0.0089	0.0207	-0.1597	0.0219	0.9869	52	52	0.479	0.7678	0	0.479	0.7678	0	-0.1638	0.0176	-0.9863	0
Boxe_EPreN4_360_Testing_N1_S8_D	1.499999	0.1543	1.5631	-0.138	13.9014	20.8465	351.4277	0.0424	1.3277	-0.1361	322.4632	348.2834	5.0149	0.0256	0.9292	-0.1416	48.7973	93.3284	338.3751	-0.3225	0.0293	1.996	True	True	-0.0143	-0.0089	0.021	-0.1547	0.0162	0.9878	52	52	0.4798	0.7682	0	0.4798	0.7682	0	-0.162	0.0119	-0.9867	0
Boxe_EPreN4_360_Testing_N1_S8_D	1.519999	0.1546	1.5635	-0.1352	13.9355	20.9094	351.4182	0.0419	1.3283	-0.1314	322.4206	348.3755	4.9302	0.0249	0.9292	-0.1383	48.9028	93.9331	338.1202	-0.3227	0.0212	1.9969	True	True	-0.0208	-0.009	0.0213	-0.1511	0.0095	0.9885	52	52	0.4803	0.7685	0	0.4803	0.7685	0	-0.1615	0.0051	-0.9869	0
Boxe_EPreN4_360_Testing_N1_S8_D	1.539999	0.1547	1.5638	-0.1327	13.9853	20.9707	351.3891	0.0419	1.3291	-0.1293	322.3706	348.5391	4.8573	0.0246	0.9292	-0.1359	49.0279	93.7274	337.9522	-0.3222	0.0148	1.9978	True	True	-0.0233	-0.009	0.0214	-0.1491	0.0076	0.9888	52	52	0.4806	0.7685	0	0.4806	0.7685	0	-0.1607	0.0032	-0.987	0
Boxe_EPreN4_360_Testing_N1_S8_D	1.559999	0.1548	1.5644	-0.1274	14.0216	21.0099	351.3138	0.0421	1.3313	-0.1234	322.3064	348.991	4.5894	0.0245	0.9305	-0.1301	49.211	93.9141	337.8859	-0.327	0.0122	1.9975	True	True	-0.0229	-0.009	0.0213	-0.1551	0.0087	0.9879	52	52	0.4797	0.7682	0	0.4797	0.7682	0	-0.1665	0.0044	-0.986	0
Boxe_EPreN4_360_Testing_N1_S8_D	1.579999	0.1549	1.5647	-0.1246	14.0115	20.9929	351.284	0.0422	1.3317	-0.1218	322.3162	349.0475	4.4893	0.0247	0.9313	-0.1282	49.1963	94.0011	337.9223	-0.3323	0.012	1.9967	True	True	-0.0211	-0.009	0.0213	-0.159	0.0104	0.9872	52	52	0.4792	0.7682	0	0.4792	0.7682	0	-0.1695	0.006	-0.9855	0
Boxe_EPreN4_360_Testing_N1_S8_D	1.599999	0.155	1.5649	-0.1225	14.0505	20.9597	351.25	0.0422	1.3318	-0.12	322.3222	349.1236	4.3626	0.0253	0.9322	-0.1264	49.1649	94.0741	337.9884	-0.3348	0.0152	1.9959	True	True	-0.0156	-0.0089	0.021	-0.1612	0.0143	0.9868	52	52	0.479	0.7682	0	0.479	0.7682	0	-0.1691	0.01	-0.9855	0
Boxe_EPreN4_360_Testing_N1_S8_D	1.619999	0.1551	1.5652	-0.1203	14.1259	20.9785	351.2313	0.0423	1.3323	-0.1182	322.3412	349.1883	4.2798	0.0256	0.9332	-0.1247	49.1641	94.1363	338.0571	-0.3335	0.0214	1.995	True	True	-0.0077	-0.0089	0.0207	-0.162	0.0195	0.9866	52	52	0.4794	0.7682	0	0.4794	0.7682	0	-0.1662	0.0152	-0.986	0
Boxe_EPreN4_360_Testing_N1_S8_D	1.639999	0.1552	1.5656	-0.1178	14.1997	21.0686	351.2189	0.0424	1.3331	-0.1142	322.396	349.3513	4.2499	0.0261	0.9347	-0.1213	49.0829	94.3824	338.3066	-0.3316	0.0272	1.9943	True	True	-0.0034	-0.0089	0.0205	-0.1629	0.022	0.9864	52	52	0.4798	0.7682	0	0.4798	0.7682	0	-0.1649	0.0177	-0.9861	0
Boxe_EPreN4_360_Testing_N1_S8_D	1.659999	0.1552	1.5659	-0.116	14.2417	21.2078	351.2384	0.0423	1.3333	-0.1127	322.4335	349.4384	4.3674	0.0265	0.935	-0.1199	49.0337	94.314	338.2549	-0.3458	0.0428	1.9911	True	True	-0.0044	-0.0089	0.0205	-0.1795	0.0358	0.9831	52	52	0.4766	0.7633	0	0.4766	0.7633	0	-0.1821	0.0315	-0.9828	0
Boxe_EPreN4_360_Testing_N1_S8_D	1.679999	0.1551	1.5662	-0.1143	14.272	21.3368	351.3034	0.0421	1.3334	-0.1119	322.4352	349.4683	4.5124	0.0268	0.935	-0.1185	48.9646	94.3258	338.2452	-0.3337	0.0412	1.9934	True	True	-0.0106	-0.0089	0.0207	-0.153	0.0239	0.9879	52	52	0.4816	0.7651	0	0.4816	0.7651	0	-0.1585	0.0196	-0.9872	0
Boxe_EPreN4_360_Testing_N1_S8_D	1.699999	0.1547	1.5664	-0.1124	14.2818	21.469	351.4398	0.0419	1.3338	-0.1096	322.4341	349.4754	4.5947	0.027	0.9352	-0.1158	48.8906	94.2459	338.1197	-0.3303	0.0374	1.9957	True	True	-0.0289	-0.0089	0.0216	-0.1484	0.0206	0.9887	52	52	0.4792	0.7641	0	0.4792	0.7641	0	-0.1627	0.0162	-0.9865	0
Boxe_EPreN4_360_Testing_N1_S8_D	1.719999	0.1546	1.5667	-0.111	14.2698	21.4659	351.4967	0.0418	1.3339	-0.1091	322.4412	349.4523	4.5693	0.027	0.9351	-0.1145	48.843	94.2254	338.0947	-0.3396	0.0239	1.9958	True	True	-0.0311	-0.009	0.0217	-0.1602	0.0073	0.9871	52	52	0.4766	0.7665	0	0.4766	0.7665	0	-0.1755	0.0029	-0.9845	0
Boxe_EPreN4_360_Testing_N1_S8_D	1.739999	0.1546	1.5668	-0.1097	14.256	21.4274	351.5079	0.0418	1.3342	-0.1085	322.4289	349.4217	4.568	0.0268	0.9349	-0.1136	48.8441	94.2789	338.1248	-0.3464	0.0351	1.9952	True	True	-0.0312	-0.0089	0.0217	-0.162	0.0295	0.9864	52	52	0.476	0.7632	0	0.476	0.7632	0	-0.1773	0.0251	-0.9838	0
Boxe_EPreN4_360_Testing_N1_S8_D	1.759999	0.1544	1.567	-0.1086	14.2364	21.3727	351.5418	0.0413	1.3341	-0.1071	322.434	349.2785	4.598	0.0266	0.9349	-0.1112	48.8914	94.2149	338.0662	-0.3545	0.0402	1.9943	True	True	-0.0312	-0.0089	0.0217	-0.1668	0.028	0.9856	52	52	0.4753	0.7635	0	0.4753	0.7635	0	-0.1821	0.0237	-0.983	0
Boxe_EPreN4_360_Testing_N1_S8_D	1.779999	0.1543	1.5672	-0.1076	14.2157	21.2576	351.4626	0.0409	1.334	-0.1068	322.4558	349.1974	4.6117	0.0266	0.9349	-0.1104	48.9517	94.1418	337.9721	-0.3634	0.0452	1.993	True	True	-0.0312	-0.0089	0.0217	-0.1717	0.0304	0.9847	52	52	0.4746	0.7632	0	0.4746	0.7632	0	-0.187	0.026	-0.982	0
Boxe_EPreN4_360_Testing_N1_S8_D	1.799999	0.1541	1.567	-0.1066	14.1991	21.033	351.219	0.0405	1.3346	-0.1062	322.4436	349.0077	4.5834	0.0265	0.9354	-0.1081	49.0115	93.8762	337.5414	-0.3681	0.0451	1.9923	True	True	-0.0312	-0.0089	0.0217	-0.1714	0.027	0.9848	52	52	0.4746	0.7637	0	0.4746	0.7637	0	-0.1867	0.0227	-0.9822	0
Boxe_EPreN4_360_Testing_N1_S8_D	1.819999	0.154	1.567	-0.1065	14.2544	20.9641	351.149	0.0405	1.3345	-0.1066	322.4295	348.9684	4.5718	0.0265	0.9355	-0.108	48.9896	93.7039	337.4194	-0.3698	0.0452	1.9921	True	True	-0.0312	-0.0089	0.0217	-0.1704	0.0271	0.985	52	52	0.4748	0.7637	0	0.4748	0.7637	0	-0.1857	0.0228	-0.9823	0
Boxe_EPreN4_360_Testing_N1_S8_D	1.839999	0.1539	1.5672	-0.1064	14.2857	20.9662	351.1316	0.0406	1.3344	-0.1072	322.4243	348.9667	4.5584	0.0265	0.9356	-0.1077	48.9627	93.5292	337.3652	-0.367	0.0455	1.9925	True	True	-0.0308	-0.0089	0.0217	-0.1662	0.0275	0.9857	52	52	0.4754	0.7637	0	0.4754	0.7637	0	-0.1814	0.0231	-0.9831	0
Boxe_EPreN4_360_Testing_N1_S8_D	1.859999	0.1539	1.5672	-0.1068	14.2952	20.9981	351.1159	0.0406	1.3347	-0.1073	322.3815	348.9863	4.5347	0.0265	0.9359	-0.1076	48.9614	93.3299	337.4371	-0.3675	0.0462	1.9924	True	True	-0.0308	-0.0089	0.0217	-0.1687	0.028	0.9853	52	52	0.4751	0.7636	0	0.4751	0.7636	0	-0.1838	0.0237	-0.9827	0
Boxe_EPreN4_360_Testing_N1_S8_D	1.879999	0.1538	1.5673	-0.1073	14.2596	21.0628	351.1387	0.0407	1.3348	-0.1078	322.336	349.0258	4.4833	0.0264	0.9359	-0.1081	48.9649	93.312	337.5328	-0.3663	0.0464	1.9926	True	True	-0.0308	-0.0089	0.0217	-0.1669	0.0278	0.9856	52	52	0.4755	0.7636	0	0.4755	0.7636	0	-0.1821	0.0234	-0.983	0
Boxe_EPreN4_360_Testing_N1_S8_D	1.899999	0.1537	1.5672	-0.1077	14.2149	21.1035	351.1484	0.0406	1.3348	-0.1082	322.2887	349.0569	4.4766	0.0263	0.9365	-0.1088	48.9753	93.2771	337.5391	-0.3698	0.0468	1.992	True	True	-0.0308	-0.0089	0.0217	-0.1718	0.0281	0.9847	52	52	0.4751	0.7636	0	0.4751	0.7636	0	-0.1869	0.0238	-0.9821	0
Boxe_EPreN4_360_Testing_N1_S8_D	1.919999	0.1539	1.5671	-0.1088	14.1657	21.1527	351.091	0.0407	1.3347	-0.1088	322.1721	349.1376	4.4733	0.0262	0.9368	-0.1092	48.9838	93.2444	337.5865	-0.3737	0.047	1.9914	True	True	-0.0308	-0.0089	0.0217	-0.174	0.0281	0.9843	52	52	0.4749	0.7636	0	0.4749	0.7636	0	-0.1891	0.0238	-0.9817	0
Boxe_EPreN4_360_Testing_N1_S8_D	1.939999	0.1541	1.567	-0.1097	14.1268	21.1906	351.0344	0.0409	1.3345	-0.1095	322.106	349.1998	4.4868	0.0261	0.9362	-0.1099	49.0011	93.2178	337.5753	-0.3778	0.0474	1.9906	True	True	-0.0308	-0.0089	0.0217	-0.1762	0.0284	0.9839	52	52	0.4748	0.7636	0	0.4748	0.7636	0	-0.1913	0.0241	-0.9812	0
Boxe_EPreN4_360_Testing_N1_S8_D	1.959999	0.1543	1.5666	-0.1111	14.0769	21.2307	350.9153	0.0411	1.3343	-0.1108	321.9669	349.2681	4.4943	0.0261	0.9359	-0.1111	49.0387	93.1142	337.487	-0.3827	0.0476	1.9898	True	True	-0.0307	-0.0089	0.0217	-0.179	0.0285	0.9834	52	52	0.4748	0.7636	0	0.4748	0.7636	0	-0.1941	0.0241	-0.9807	0
Boxe_EPreN4_360_Testing_N1_S8_D	1.979999	0.1546	1.5663	-0.1124	14.0688	21.262	350.8195	0.0413	1.3341	-0.1118	321.9047	349.2825	4.4931	0.026	0.935	-0.1127	49.0293	93.1054	337.445	-0.3776	0.051	1.989	True	True	-0.0136	-0.0088	0.0212	-0.1786	0.0322	0.9834	52	52	0.4748	0.7638	0	0.4748	0.7638	0	-0.1856	0.028	-0.9822	0
Boxe_EPreN4_360_Testing_N1_S8_D	1.999999	0.1549	1.5661	-0.1138	14.0617	21.2752	350.7639	0.0416	1.3343	-0.1134	321.8338	349.3235	4.4972	0.026	0.9345	-0.1141	49.0393	93.1877	337.48	-0.3722	0.0534	1.9887	True	True	-0.0104	-0.0088	0.021	-0.1772	0.0327	0.9836	52	52	0.4751	0.7638	0	0.4751	0.7638	0	-0.1827	0.0285	-0.9828	0
Boxe_EPreN4_360_Testing_N1_S8_D	2.019999	0.1552	1.5658	-0.1151	14.0413	21.3105	350.745	0.0419	1.3343	-0.1146	321.7761	349.362	4.486	0.026	0.9341	-0.1157	49.0707	93.1902	337.4509	-0.3684	0.0545	1.9885	True	True	-0.0089	-0.0088	0.021	-0.1772	0.0324	0.9836	52	52	0.4752	0.7639	0	0.4752	0.7639	0	-0.1819	0.0281	-0.9829	0
Boxe_EPreN4_360_Testing_N1_S8_D	2.039999	0.1557	1.5653	-0.1172	14.0366	21.3597	350.7039	0.0424	1.3338	-0.1169	321.6526	349.4701	4.4439	0.0259	0.9341	-0.1181	49.1917	93.4109	337.5872	-0.3661	0.0555	1.9885	True	True	-0.0089	-0.0088	0.021	-0.1769	0.0329	0.9837	52	52	0.4752	0.7639	0	0.4752	0.7639	0	-0.1817	0.0287	-0.9829	0
Boxe_EPreN4_360_Testing_N1_S8_D	2.059999	0.1565	1.5646	-0.1202	14.0722	21.4147	350.6422	0.0435	1.3336	-0.1194	321.5295	349.6156	4.3814	0.0255	0.9342	-0.1214	49.3438	93.7735	337.6458	-0.3647	0.0557	1.9884	True	True	-0.0088	-0.0088	0.021	-0.177	0.0323	0.9837	52	52	0.4752	0.7641	0	0.4752	0.7641	0	-0.1817	0.0281	-0.983	0
Boxe_EPreN4_360_Testing_N1_S8_D	2.079999	0.157	1.5641	-0.1225	14.0668	21.4382	350.5433	0.0444	1.3334	-0.1215	321.4163	349.7801	4.3449	0.0255	0.9337	-0.124	49.3939	93.9301	337.442	-0.3608	0.056	1.9888	True	True	-0.007	-0.0088	0.0209	-0.1741	0.0326	0.9842	52	52	0.4758	0.7641	0	0.4758	0.7641	0	-0.1779	0.0284	-0.9836	0
Boxe_EPreN4_360_Testing_N1_S8_D	2.099999	0.1576	1.5637	-0.1243	14.063	21.4288	350.4483	0.0448	1.3331	-0.1231	321.3728	349.8248	4.3279	0.0256	0.9332	-0.1254	49.4532	93.8969	337.3306	-0.3592	0.0548	1.9887	True	True	-0.0052	-0.0088	0.0209	-0.1759	0.031	0.9839	52	52	0.4752	0.7648	0	0.4752	0.7648	0	-0.1789	0.0268	-0.9835	0
Boxe_EPreN4_360_Testing_N1_S8_D	2.119999	0.1582	1.5635	-0.1258	14.061	21.4569	350.3521	0.0451	1.3329	-0.1245	321.3275	349.8869	4.3074	0.0257	0.9326	-0.1266	49.4467	94.0011	337.3102	-0.3557	0.0551	1.989	True	True	-0.0035	-0.0088	0.0208	-0.1736	0.0321	0.9843	52	52	0.4758	0.7648	0	0.4758	0.7648	0	-0.1758	0.0279	-0.984	0
Boxe_EPreN4_360_Testing_N1_S8_D	2.139999	0.1589	1.563	-0.128	14.0294	21.5278	350.2349	0.0458	1.3325	-0.1269	321.2298	349.994	4.2727	0.0258	0.9318	-0.1291	49.5136	94.0478	337.2535	-0.3645	0.0459	1.9899	True	True	-0.0311	-0.009	0.0217	-0.1725	0.0211	0.9848	52	52	0.4752	0.765	0	0.4752	0.765	0	-0.1878	0.0167	-0.9821	0
Boxe_EPreN4_360_Testing_N1_S8_D	2.159999	0.1594	1.5626	-0.1299	14.0171	21.5977	350.1503	0.0462	1.3322	-0.1281	321.1957	350.0344	4.2465	0.026	0.9318	-0.1305	49.5804	94.0523	337.3117	-0.3656	0.0397	1.9912	True	True	-0.0311	-0.009	0.0217	-0.168	0.0201	0.9856	52	52	0.4757	0.7651	0	0.4757	0.7651	0	-0.1833	0.0157	-0.9829	0
Boxe_EPreN4_360_Testing_N1_S8_D	2.179999	0.1599	1.5624	-0.1316	14.031	21.6185	350.1369	0.0467	1.332	-0.1292	321.1596	350.0583	4.2302	0.0263	0.932	-0.1318	49.6097	94.0911	337.3742	-0.365	0.0356	1.9921	True	True	-0.0312	-0.009	0.0217	-0.1666	0.0195	0.9858	52	52	0.4758	0.7652	0	0.4758	0.7652	0	-0.1819	0.0151	-0.9832	0
Boxe_EPreN4_360_Testing_N1_S8_D	2.199999	0.1609	1.5623	-0.1337	14.0046	21.6918	349.9946	0.0475	1.3319	-0.1312	321.0736	350.105	4.2352	0.0267	0.9327	-0.1342	49.6948	94.2226	337.5056	-0.3608	0.0329	1.9933	True	True	-0.0312	-0.009	0.0217	-0.1618	0.019	0.9866	52	52	0.4762	0.7653	0	0.4762	0.7653	0	-0.1771	0.0147	-0.9841	0
Boxe_EPreN4_360_Testing_N1_S8_D	2.219999	0.1616	1.5621	-0.1354	13.9427	21.8059	349.9023	0.048	1.332	-0.1321	321.0004	350.1622	4.2858	0.0269	0.9331	-0.1353	49.7438	94.3479	337.635	-0.3605	0.0314	1.9937	True	True	-0.0312	-0.009	0.0217	-0.1644	0.0192	0.9862	52	52	0.4757	0.7653	0	0.4757	0.7653	0	-0.1798	0.0148	-0.9836	0
Boxe_EPreN4_360_Testing_N1_S8_D	2.239999	0.1624	1.5617	-0.1372	13.8535	21.9542	349.8234	0.0487	1.332	-0.1338	320.8563	350.2246	4.3982	0.0271	0.933	-0.1376	49.8059	94.593	337.8157	-0.3602	0.0299	1.9939	True	True	-0.0312	-0.009	0.0217	-0.1643	0.0184	0.9862	52	52	0.4757	0.7654	0	0.4757	0.7654	0	-0.1797	0.014	-0.9836	0
Boxe_EPreN4_360_Testing_N1_S8_D	2.259999	0.1631	1.5616	-0.1389	13.7815	22.0816	349.8047	0.0491	1.3323	-0.1345	320.7718	350.2014	4.494	0.0274	0.9329	-0.1386	49.8229	94.6904	337.8772	-0.3599	0.0296	1.994	True	True	-0.0311	-0.009	0.0217	-0.1641	0.019	0.9863	52	52	0.4757	0.7654	0	0.4757	0.7654	0	-0.1794	0.0147	-0.9837	0
Boxe_EPreN4_360_Testing_N1_S8_D	2.279999	0.1637	1.5614	-0.1402	13.7384	22.1587	349.7794	0.0495	1.3326	-0.135	320.7001	350.1852	4.5607	0.0276	0.9319	-0.1399	49.8793	94.8062	338.0371	-0.3597	0.0293	1.994	True	True	-0.0301	-0.009	0.0217	-0.1647	0.019	0.9862	52	52	0.4757	0.7654	0	0.4757	0.7654	0	-0.1795	0.0146	-0.9836	0
Boxe_EPreN4_360_Testing_N1_S8_D	2.299999	0.1644	1.5613	-0.1415	13.7125	22.2207	349.736	0.0501	1.3328	-0.1362	320.5514	350.1666	4.6491	0.0278	0.9317	-0.1422	50.0353	95.1652	338.4762	-0.3699	0.0379	1.989	True	True	0.0013	-0.0089	0.0202	-0.1924	0.0293	0.9809	52	52	0.4711	0.7682	0	0.4711	0.7682	0	-0.1923	0.0251	-0.981	0
Boxe_EPreN4_360_Testing_N1_S8_D	2.319999	0.1657	1.5611	-0.1436	13.6717	22.2144	349.6904	0.0504	1.3326	-0.1366	320.3872	350.1113	4.6742	0.0276	0.9317	-0.1441	50.1802	95.5152	338.5101	-0.3687	0.0434	1.9874	True	True	0.0009	-0.0089	0.0202	-0.184	0.03	0.9825	52	52	0.4727	0.7681	0	0.4727	0.7681	0	-0.184	0.0257	-0.9826	0
Boxe_EPreN4_360_Testing_N1_S8_D	2.339998	0.1667	1.5611	-0.1445	13.5928	22.2134	349.6459	0.0508	1.3324	-0.1374	320.284	350.0797	4.7101	0.0276	0.9315	-0.1459	50.3086	95.8702	338.4587	-0.3722	0.0451	1.986	True	True	-0.0022	-0.0089	0.0203	-0.1874	0.0282	0.9819	52	52	0.4713	0.7677	0	0.4713	0.7677	0	-0.1889	0.0239	-0.9817	0
Boxe_EPreN4_360_Testing_N1_S8_D	2.359998	0.1673	1.5609	-0.1453	13.5225	22.2363	349.5666	0.0512	1.3327	-0.1378	320.2085	350.0787	4.7486	0.0276	0.9313	-0.1466	50.328	95.9952	338.4197	-0.3694	0.0439	1.9862	True	True	-0.0026	-0.0089	0.0204	-0.1813	0.0256	0.9831	52	52	0.4727	0.7681	0	0.4727	0.7681	0	-0.1831	0.0213	-0.9829	0
Boxe_EPreN4_360_Testing_N1_S8_D	2.379998	0.1679	1.5606	-0.146	13.4896	22.2302	349.5334	0.0515	1.3329	-0.1381	320.1565	350.0646	4.7814	0.0277	0.9312	-0.1471	50.3357	96.177	338.5238	-0.3671	0.0417	1.9868	True	True	-0.0059	-0.0089	0.0206	-0.179	0.0238	0.9836	52	52	0.4728	0.7678	0	0.4728	0.7678	0	-0.1823	0.0195	-0.983	0
Boxe_EPreN4_360_Testing_N1_S8_D	2.399998	0.1685	1.5603	-0.1466	13.4715	22.1765	349.502	0.0522	1.3331	-0.1385	320.0608	350.0831	4.8229	0.0282	0.9311	-0.1475	50.3664	96.561	338.7844	-0.3699	0.0316	1.989	True	True	-0.0312	-0.009	0.0217	-0.1713	0.0136	0.9851	52	52	0.4724	0.7677	0	0.4724	0.7677	0	-0.1866	0.0092	-0.9824	0
Boxe_EPreN4_360_Testing_N1_S8_D	2.419998	0.1693	1.5602	-0.147	13.5086	22.1338	349.4908	0.0526	1.333	-0.1386	320.0139	350.0989	4.8135	0.0284	0.931	-0.1466	50.424	96.6334	338.8783	-0.3719	0.0241	1.9902	True	True	-0.0312	-0.009	0.0218	-0.1717	0.0115	0.9851	52	52	0.4723	0.7681	0	0.4723	0.7681	0	-0.187	0.0071	-0.9823	0
Boxe_EPreN4_360_Testing_N1_S8_D	2.439998	0.1699	1.5602	-0.1473	13.5429	22.136	349.4824	0.0529	1.3327	-0.1386	319.9866	350.1079	4.8029	0.0285	0.9309	-0.1462	50.4596	96.6437	338.8674	-0.3755	0.0209	1.9905	True	True	-0.0312	-0.009	0.0218	-0.1746	0.0128	0.9846	52	52	0.472	0.768	0	0.472	0.768	0	-0.1899	0.0084	-0.9818	0
Boxe_EPreN4_360_Testing_N1_S8_D	2.459998	0.1706	1.56	-0.1476	13.5484	22.1321	349.4902	0.0536	1.3323	-0.1387	319.9412	350.1114	4.7406	0.0289	0.9305	-0.1458	50.5564	96.5953	338.7608	-0.3759	0.0184	1.9909	True	True	-0.0312	-0.009	0.0218	-0.1726	0.0121	0.9849	52	52	0.4723	0.7682	0	0.4723	0.7682	0	-0.1879	0.0077	-0.9822	0
Boxe_EPreN4_360_Testing_N1_S8_D	2.479998	0.1713	1.56	-0.1478	13.5275	22.1254	349.4897	0.054	1.3321	-0.1387	319.9393	350.1124	4.6964	0.0291	0.9302	-0.1452	50.6117	96.4233	338.4824	-0.3744	0.0161	1.9915	True	True	-0.0312	-0.009	0.0218	-0.1706	0.011	0.9853	52	52	0.4726	0.7684	0	0.4726	0.7684	0	-0.1859	0.0066	-0.9825	0
Boxe_EPreN4_360_Testing_N1_S8_D	2.499998	0.1719	1.5599	-0.148	13.4951	22.1369	349.4884	0.0544	1.3318	-0.1387	319.9222	350.1155	4.681	0.0292	0.9298	-0.1449	50.6413	96.3362	338.3767	-0.3751	0.0153	1.9916	True	True	-0.0312	-0.009	0.0218	-0.1724	0.0116	0.985	52	52	0.4724	0.7682	0	0.4724	0.7682	0	-0.1877	0.0073	-0.9822	0
Boxe_EPreN4_360_Testing_N1_S8_D	2.519998	0.1726	1.5597	-0.1481	13.4595	22.1459	349.4632	0.0547	1.3317	-0.1387	319.8999	350.1176	4.6719	0.0295	0.9297	-0.1445	50.6624	96.3285	338.3454	-0.3749	0.013	1.9917	True	True	-0.0312	-0.009	0.0217	-0.1717	0.0094	0.9851	52	52	0.4725	0.7684	0	0.4725	0.7684	0	-0.1871	0.005	-0.9823	0
Boxe_EPreN4_360_Testing_N1_S8_D	2.539998	0.1734	1.5596	-0.1482	13.4101	22.1685	349.4348	0.0555	1.3319	-0.1386	319.8311	350.1188	4.7045	0.0301	0.9294	-0.1439	50.6857	96.3126	338.3138	-0.3759	0.0128	1.9916	True	True	-0.0311	-0.009	0.0217	-0.173	0.0107	0.9849	52	52	0.4723	0.7682	0	0.4723	0.7682	0	-0.1883	0.0064	-0.9821	0
Boxe_EPreN4_360_Testing_N1_S8_D	2.559998	0.1748	1.5594	-0.1483	13.3975	22.1775	349.3545	0.0562	1.3321	-0.1383	319.7519	350.029	4.8026	0.0309	0.9294	-0.1429	50.7382	96.3331	338.5525	-0.3674	0.0153	1.9908	True	True	-0.0032	-0.0087	0.021	-0.1762	0.0138	0.9843	52	52	0.4722	0.7684	0	0.4722	0.7684	0	-0.1782	0.0096	-0.9839	0
Boxe_EPreN4_360_Testing_N1_S8_D	2.579998	0.1757	1.5592	-0.1481	13.3982	22.2158	349.3036	0.057	1.3325	-0.1378	319.6305	349.9497	4.8849	0.0314	0.9294	-0.1421	50.8107	96.2793	338.6279	-0.3634	0.0164	1.9905	True	True	-0.0075	-0.0088	0.0211	-0.1751	0.0133	0.9845	52	52	0.4725	0.7684	0	0.4725	0.7684	0	-0.1792	0.0091	-0.9838	0
Boxe_EPreN4_360_Testing_N1_S8_D	2.599998	0.1764	1.5591	-0.1482	13.4078	22.265	349.2736	0.0575	1.3331	-0.1374	319.5529	349.9243	4.9326	0.0317	0.9295	-0.1418	50.8561	96.2088	338.5411	-0.3621	0.0167	1.9905	True	True	-0.0122	-0.0088	0.0212	-0.1741	0.013	0.9846	52	52	0.4726	0.7684	0	0.4726	0.7684	0	-0.1804	0.0087	-0.9836	0
Boxe_EPreN4_360_Testing_N1_S8_D	2.619998	0.1771	1.559	-0.148	13.4313	22.2694	349.2536	0.0578	1.3337	-0.1371	319.4651	349.9062	4.9747	0.0318	0.9294	-0.1416	50.9086	96.0744	338.3914	-0.3096	0.0222	1.9983	True	True	-0.0309	-0.0091	0.0217	-0.1111	0.0196	0.9936	52	52	0.4836	0.7691	0	0.4836	0.7691	0	-0.1265	0.0151	-0.9919	0
Boxe_EPreN4_360_Testing_N1_S8_D	2.639998	0.178	1.559	-0.1478	13.4485	22.2548	349.2116	0.0584	1.3345	-0.1365	319.2686	349.8741	5.0206	0.0322	0.9292	-0.1414	50.9416	96.0219	338.3119	-0.2759	-0.0005	2.0035	True	True	-0.0305	-0.0091	0.0216	-0.1047	-0.0097	0.9945	52	52	0.4919	0.7741	0	0.4919	0.7741	0	-0.1199	-0.0142	-0.9927	0
Boxe_EPreN4_360_Testing_N1_S8_D	2.659998	0.1788	1.559	-0.1476	13.4122	22.2499	349.1564	0.059	1.3355	-0.1363	319.5076	349.6304	4.8633	0.0326	0.9295	-0.1414	50.9864	96.0053	338.3092	-0.2523	-0.0358	2.0065	True	True	-0.0299	-0.0092	0.0215	-0.0988	-0.0329	0.9946	52	52	0.4965	0.7774	0	0.4965	0.7774	0	-0.1137	-0.0375	-0.9928	0
Boxe_EPreN4_360_Testing_N1_S8_D	2.679998	0.1796	1.559	-0.1473	13.3813	22.2624	349.1258	0.0599	1.3367	-0.1356	319.2115	349.6741	4.7898	0.0333	0.9301	-0.1414	51.0049	96.0795	338.3861	-0.2545	-0.0442	2.0072	True	True	-0.0295	-0.0091	0.0216	-0.1137	-0.0225	0.9933	52	52	0.4942	0.7756	0	0.4942	0.7756	0	-0.1284	-0.027	-0.9914	0
Boxe_EPreN4_360_Testing_N1_S8_D	2.699998	0.1804	1.5589	-0.1471	13.3357	22.2678	349.0367	0.0604	1.3373	-0.1355	319.5107	349.4272	4.688	0.0337	0.9302	-0.1416	51.017	95.9967	338.2988	-0.2493	-0.0498	2.0082	True	True	-0.0293	-0.0091	0.0216	-0.107	-0.0236	0.994	52	52	0.4949	0.7758	0	0.4949	0.7758	0	-0.1216	-0.0282	-0.9922	0
Boxe_EPreN4_360_Testing_N1_S8_D	2.719998	0.181	1.5589	-0.1469	13.3143	22.2608	349.0129	0.0608	1.3377	-0.1352	319.4995	349.4039	4.7074	0.0341	0.9304	-0.1416	50.988	96.0766	338.3524	-0.2507	-0.0515	2.0083	True	True	-0.029	-0.0091	0.0216	-0.1117	-0.0223	0.9935	52	52	0.4942	0.7757	0	0.4942	0.7757	0	-0.1261	-0.0268	-0.9917	0
Boxe_EPreN4_360_Testing_N1_S8_D	2.739998	0.1817	1.5587	-0.1467	13.282	22.2336	348.9509	0.0616	1.3383	-0.1346	319.5662	349.2511	4.6588	0.0347	0.9308	-0.1415	50.9573	96.2143	338.4874	-0.2479	-0.0521	2.0088	True	True	-0.0292	-0.0091	0.0216	-0.1078	-0.0219	0.9939	52	52	0.4944	0.7759	0	0.4944	0.7759	0	-0.1223	-0.0264	-0.9921	0
Boxe_EPreN4_360_Testing_N1_S8_D	2.759998	0.1824	1.5587	-0.1466	13.3151	22.1902	348.9149	0.062	1.3385	-0.1344	319.5438	349.219	4.643	0.035	0.9311	-0.1414	50.9308	96.2946	338.5692	-0.2432	-0.0575	2.0093	True	True	-0.0293	-0.0091	0.0216	-0.1043	-0.0274	0.9942	52	52	0.4948	0.7768	0	0.4948	0.7768	0	-0.1188	-0.032	-0.9924	0
Boxe_EPreN4_360_Testing_N1_S8_D	2.779998	0.1829	1.5587	-0.1464	13.3585	22.1506	348.8951	0.0623	1.3387	-0.1344	319.6473	349.1265	4.639	0.0353	0.9312	-0.1413	50.911	96.3278	338.6369	-0.2419	-0.0653	2.0093	True	True	-0.0293	-0.0091	0.0216	-0.1055	-0.0327	0.9939	52	52	0.4945	0.7776	0	0.4945	0.7776	0	-0.1201	-0.0373	-0.9921	0
Boxe_EPreN4_360_Testing_N1_S8_D	2.799998	0.1836	1.5587	-0.1462	13.3817	22.1012	348.8479	0.0629	1.3389	-0.1343	319.6893	349.0848	4.6359	0.0357	0.931	-0.1409	50.8766	96.3699	338.7117	-0.2314	-0.0629	2.0087	True	True	0.001	-0.0089	0.0208	-0.1102	-0.0254	0.9936	52	52	0.4948	0.7777	0	0.4948	0.7777	0	-0.11	-0.0299	-0.9935	0
Boxe_EPreN4_360_Testing_N1_S8_D	2.819998	0.1841	1.5586	-0.146	13.3763	22.0722	348.8232	0.0631	1.3389	-0.1343	319.6581	349.0413	4.6571	0.0358	0.9309	-0.1406	50.8859	96.3026	338.6563	-0.2244	-0.0619	2.0085	True	True	0.0013	-0.0089	0.0207	-0.1089	-0.0259	0.9937	52	52	0.4949	0.7775	0	0.4949	0.7775	0	-0.1085	-0.0304	-0.9936	0
Boxe_EPreN4_360_Testing_N1_S8_D	2.839998	0.1846	1.5585	-0.146	13.3739	22.0596	348.8418	0.0633	1.3387	-0.1345	319.8111	348.97	4.5912	0.0361	0.9311	-0.1402	50.9216	96.3788	338.7499	-0.2214	-0.0625	2.0083	True	True	0.0007	-0.0089	0.0208	-0.1093	-0.0271	0.9936	52	52	0.4949	0.7776	0	0.4949	0.7776	0	-0.1092	-0.0316	-0.9935	0
Boxe_EPreN4_360_Testing_N1_S8_D	2.859998	0.1857	1.5583	-0.1462	13.4205	22.0764	348.8298	0.0642	1.3384	-0.1342	319.8998	348.8662	4.5361	0.0366	0.9311	-0.1394	50.9861	96.3044	338.6649	-0.219	-0.0625	2.0082	True	True	0.0018	-0.0089	0.0207	-0.1091	-0.0268	0.9937	52	52	0.495	0.7776	0	0.495	0.7776	0	-0.1085	-0.0313	-0.9936	0
Boxe_EPreN4_360_Testing_N1_S8_D	2.879998	0.1861	1.5582	-0.1462	13.4289	22.1083	348.8324	0.0645	1.3381	-0.1344	319.9317	348.8469	4.5751	0.0368	0.931	-0.1392	51.017	96.2019	338.5934	-0.2181	-0.0629	2.0082	True	True	0.0008	-0.0089	0.0208	-0.1088	-0.0272	0.9937	52	52	0.4951	0.7776	0	0.4951	0.7776	0	-0.1087	-0.0317	-0.9936	0
Boxe_EPreN4_360_Testing_N1_S8_D	2.899998	0.1867	1.5581	-0.1464	13.4405	22.1119	348.8427	0.0651	1.3378	-0.1343	320.0128	348.7913	4.6131	0.0373	0.9309	-0.1386	51.0819	95.9392	338.4162	-0.2179	-0.0635	2.0082	True	True	-0.0006	-0.009	0.0208	-0.1086	-0.0277	0.9937	52	52	0.4951	0.7777	0	0.4951	0.7777	0	-0.1092	-0.0322	-0.9935	0
Boxe_EPreN4_360_Testing_N1_S8_D	2.919998	0.1873	1.5581	-0.1466	13.4535	22.1158	348.8038	0.0654	1.3376	-0.1346	320.0054	348.7675	4.5887	0.0375	0.9309	-0.1384	51.0979	95.8807	338.379	-0.2185	-0.0646	2.0082	True	True	-0.0022	-0.009	0.0208	-0.1085	-0.0285	0.9937	52	52	0.4951	0.7777	0	0.4951	0.7777	0	-0.1098	-0.033	-0.9934	0
Boxe_EPreN4_360_Testing_N1_S8_D	2.939998	0.1878	1.5579	-0.1469	13.44	22.1361	348.7287	0.0657	1.3375	-0.1348	320.0505	348.757	4.5717	0.0376	0.931	-0.1386	51.106	95.8578	338.3755	-0.2191	-0.0665	2.0084	True	True	-0.0063	-0.009	0.0209	-0.1067	-0.03	0.9938	52	52	0.4951	0.7779	0	0.4951	0.7779	0	-0.1101	-0.0345	-0.9933	0
Boxe_EPreN4_360_Testing_N1_S8_D	2.959998	0.1884	1.5578	-0.1473	13.4067	22.1587	348.7225	0.0662	1.3375	-0.1351	320.0533	348.747	4.5734	0.038	0.931	-0.1387	51.1162	95.8876	338.3586	-0.2192	-0.0676	2.0086	True	True	-0.0077	-0.009	0.021	-0.1059	-0.03	0.9939	52	52	0.4951	0.7779	0	0.4951	0.7779	0	-0.1099	-0.0345	-0.9933	0
Boxe_EPreN4_360_Testing_N1_S8_D	2.979998	0.189	1.5578	-0.1477	13.3884	22.1712	348.7175	0.0664	1.3374	-0.1351	320.0269	348.7273	4.575	0.0382	0.9309	-0.1389	51.1123	95.8916	338.329	-0.2192	-0.0686	2.0087	True	True	-0.0081	-0.009	0.021	-0.1055	-0.0304	0.994	52	52	0.4951	0.778	0	0.4951	0.778	0	-0.1098	-0.0349	-0.9933	0
Boxe_EPreN4_360_Testing_N1_S8_D	2.999998	0.1896	1.5578	-0.1483	13.4004	22.2435	348.6886	0.0669	1.3373	-0.1353	320.1012	348.6975	4.5658	0.0388	0.931	-0.1391	51.1209	95.8466	338.2749	-0.2164	-0.0693	2.009	True	True	-0.0075	-0.009	0.021	-0.1027	-0.0306	0.9942	52	52	0.4955	0.7781	0	0.4955	0.7781	0	-0.1067	-0.0351	-0.9937	0
Boxe_EPreN4_360_Testing_N1_S8_D	3.019998	0.1901	1.5579	-0.1489	13.38	22.338	348.6527	0.0672	1.3373	-0.1357	320.067	348.6755	4.5271	0.0391	0.9309	-0.1392	51.1456	95.8584	338.3109	-0.2137	-0.0694	2.0093	True	True	-0.0065	-0.009	0.0209	-0.1019	-0.0303	0.9943	52	52	0.4957	0.778	0	0.4957	0.778	0	-0.1054	-0.0348	-0.9938	0
Boxe_EPreN4_360_Testing_N1_S8_D	3.039998	0.1905	1.5579	-0.1494	13.3341	22.412	348.631	0.0675	1.3373	-0.1359	320.0779	348.6622	4.5106	0.0393	0.9309	-0.1395	51.1865	95.821	338.2414	-0.2114	-0.0686	2.0093	True	True	-0.0028	-0.009	0.0208	-0.1029	-0.0293	0.9943	52	52	0.4957	0.7779	0	0.4957	0.7779	0	-0.1045	-0.0338	-0.9939	0
Boxe_EPreN4_360_Testing_N1_S8_D	3.059998	0.1909	1.5581	-0.1502	13.2842	22.5287	348.6135	0.0681	1.3374	-0.1361	320.027	348.7005	4.5243	0.0398	0.9306	-0.1398	51.21	95.799	338.0613	-0.2099	-0.0673	2.0093	True	True	-0.0013	-0.009	0.0208	-0.1034	-0.0283	0.9942	52	52	0.4957	0.7779	0	0.4957	0.7779	0	-0.1043	-0.0328	-0.994	0
Boxe_EPreN4_360_Testing_N1_S8_D	3.079998	0.1912	1.5582	-0.1509	13.2321	22.6284	348.6115	0.0685	1.3376	-0.1364	320.0106	348.7236	4.5609	0.0401	0.9303	-0.14	51.2207	95.8108	337.975	-0.2088	-0.0665	2.0093	True	True	-0.0005	-0.009	0.0208	-0.1034	-0.0283	0.9942	52	52	0.4958	0.7779	0	0.4958	0.7779	0	-0.1039	-0.0328	-0.994	0
Boxe_EPreN4_360_Testing_N1_S8_D	3.099998	0.1914	1.5584	-0.1516	13.1969	22.7053	348.5987	0.0688	1.338	-0.1371	319.9203	348.7527	4.5849	0.0404	0.9304	-0.1402	51.2148	95.7423	337.8061	-0.2081	-0.066	2.0092	True	True	-0.0002	-0.009	0.0207	-0.1035	-0.0282	0.9942	52	52	0.4958	0.778	0	0.4958	0.778	0	-0.1038	-0.0327	-0.9941	0
Boxe_EPreN4_360_Testing_N1_S8_D	3.119998	0.1917	1.5586	-0.1522	13.1519	22.7522	348.6117	0.0691	1.3382	-0.1373	319.8841	348.796	4.6422	0.0408	0.9305	-0.1404	51.1902	95.7846	337.7393	-0.2151	-0.0738	2.0088	True	True	-0.0104	-0.009	0.0212	-0.1071	-0.0374	0.9935	52	52	0.4957	0.778	0	0.4957	0.778	0	-0.1125	-0.0419	-0.9928	0
Boxe_EPreN4_360_Testing_N1_S8_D	3.139998	0.192	1.5589	-0.1532	13.0614	22.8591	348.6407	0.0696	1.3387	-0.1376	319.8182	348.9116	4.7302	0.0415	0.9309	-0.1409	51.1922	95.7851	337.5691	-0.2167	-0.079	2.0093	True	True	-0.0199	-0.0091	0.0214	-0.0995	-0.0384	0.9943	52	52	0.4957	0.778	0	0.4957	0.778	0	-0.1095	-0.0429	-0.9931	0
Boxe_EPreN4_360_Testing_N1_S8_D	3.159998	0.1922	1.5594	-0.1546	12.9367	23.0232	348.6656	0.0699	1.3391	-0.1386	319.7706	348.9799	4.748	0.0425	0.9316	-0.1411	51.1552	95.8331	337.5023	-0.2173	-0.0827	2.01	True	True	-0.0272	-0.0091	0.0216	-0.0954	-0.0392	0.9947	52	52	0.4957	0.778	0	0.4957	0.778	0	-0.109	-0.0437	-0.9931	0
Boxe_EPreN4_360_Testing_N1_S8_D	3.179998	0.1923	1.5596	-0.1556	12.8925	23.1455	348.6642	0.0701	1.3394	-0.1391	319.7293	349.0127	4.8394	0.0433	0.9321	-0.1413	51.0894	95.872	337.4598	-0.2162	-0.0849	2.0105	True	True	-0.0278	-0.0091	0.0216	-0.0936	-0.0394	0.9948	52	52	0.4957	0.778	0	0.4957	0.778	0	-0.1074	-0.0439	-0.9932	0
Boxe_EPreN4_360_Testing_N1_S8_D	3.199998	0.1924	1.5599	-0.1564	12.8634	23.2352	348.6653	0.0701	1.3395	-0.1396	319.7155	349.0372	4.874	0.0437	0.9322	-0.1414	51.0589	95.9625	337.4721	-0.2144	-0.0875	2.0109	True	True	-0.0273	-0.0091	0.0216	-0.0923	-0.0408	0.9949	52	52	0.4952	0.7783	0	0.4952	0.7783	0	-0.1059	-0.0454	-0.9933	0
Boxe_EPreN4_360_Testing_N1_S8_D	3.219998	0.1925	1.5602	-0.1573	12.828	23.3123	348.6642	0.0702	1.3396	-0.1396	319.6737	349.0424	4.9282	0.044	0.9322	-0.1414	51.0224	95.9863	337.3644	-0.2397	-0.0898	2.0084	True	True	-0.0284	-0.0091	0.0217	-0.1221	-0.0418	0.9916	52	52	0.4874	0.7786	0	0.4874	0.7786	0	-0.1362	-0.0464	-0.9896	0
Boxe_EPreN4_360_Testing_N1_S8_D	3.239998	0.1926	1.5605	-0.1585	12.7555	23.4623	348.6714	0.0703	1.3399	-0.1404	319.5654	349.1425	5.0606	0.0446	0.9324	-0.1416	50.9491	96.0176	337.1408	-0.3806	-0.0433	1.9898	True	True	-0.0275	-0.0089	0.0218	-0.2342	0.0103	0.9721	52	52	0.465	0.7671	0	0.465	0.7671	0	-0.2474	0.006	-0.9689	0
Boxe_EPreN4_360_Testing_N1_S8_D	3.259998	0.1927	1.5607	-0.1594	12.7078	23.5654	348.6685	0.0704	1.3401	-0.1412	319.5161	349.2137	5.1019	0.0448	0.9327	-0.1417	50.9279	96.0983	337.1548	-0.392	-0.0074	1.9878	True	True	-0.0251	-0.0089	0.0217	-0.1891	0.0211	0.9817	52	52	0.4716	0.7657	0	0.4716	0.7657	0	-0.2015	0.0168	-0.9794	0
Boxe_EPreN4_360_Testing_N1_S8_D	3.279998	0.1928	1.5609	-0.1605	12.631	23.7017	348.6746	0.0706	1.3405	-0.1416	319.4366	349.3422	5.2501	0.0454	0.9333	-0.1419	50.8848	96.2258	337.159	-0.4149	0	1.9842	True	True	-0.0271	-0.009	0.0217	-0.2049	0.009	0.9788	52	52	0.4678	0.7688	0	0.4678	0.7688	0	-0.2181	0.0046	-0.9759	0
Boxe_EPreN4_360_Testing_N1_S8_D	3.299998	0.1929	1.5609	-0.1616	12.5582	23.8135	348.6671	0.0708	1.3407	-0.1422	319.3779	349.4184	5.3236	0.0456	0.9337	-0.142	50.8436	96.3019	337.1694	-0.4011	0.0113	1.9863	True	True	-0.0284	-0.009	0.0218	-0.1788	0.0169	0.9837	52	52	0.4698	0.7669	0	0.4698	0.7669	0	-0.1928	0.0125	-0.9812	0
Boxe_EPreN4_360_Testing_N1_S8_D	3.319998	0.193	1.5611	-0.1627	12.5151	23.9314	348.6168	0.0712	1.3409	-0.1428	319.2959	349.5756	5.4191	0.0462	0.9341	-0.1421	50.7593	96.3883	337.0969	-0.4173	0.0194	1.9836	True	True	-0.0284	-0.009	0.0218	-0.2025	0.019	0.9791	52	52	0.466	0.7678	0	0.466	0.7678	0	-0.2164	0.0146	-0.9762	0
Boxe_EPreN4_360_Testing_N1_S8_D	3.339998	0.1931	1.5613	-0.1637	12.4906	24.0458	348.5123	0.0714	1.341	-0.1433	319.2643	349.6695	5.4101	0.0461	0.9343	-0.1423	50.7818	96.4005	337.0654	-0.4185	0.0228	1.9829	True	True	-0.0252	-0.009	0.0217	-0.1973	0.018	0.9802	52	52	0.466	0.7678	0	0.466	0.7678	0	-0.2097	0.0136	-0.9777	0
Boxe_EPreN4_360_Testing_N1_S8_D	3.359998	0.1932	1.5614	-0.1646	12.4297	24.1338	348.4589	0.0714	1.3411	-0.1437	319.1779	349.7148	5.3729	0.0461	0.9344	-0.1423	50.7924	96.4589	336.9592	-0.4199	0.0205	1.9821	True	True	-0.0209	-0.0089	0.0215	-0.2003	0.0133	0.9797	52	52	0.4656	0.7686	0	0.4656	0.7686	0	-0.2106	0.0089	-0.9775	0
Boxe_EPreN4_360_Testing_N1_S8_D	3.379997	0.1932	1.5613	-0.1657	12.3387	24.2422	348.3849	0.0714	1.3413	-0.144	319.0742	349.8459	5.3381	0.0461	0.9345	-0.1423	50.7619	96.5069	336.5419	-0.4222	0.0173	1.9813	True	True	-0.0209	-0.0089	0.0215	-0.2019	0.0111	0.9793	4	4	0.4656	0.7686	0	0.4656	0.7686	0	-0.2122	0.0068	-0.9772	0
Boxe_EPreN4_360_Testing_N1_S8_D	3.399997	0.1932	1.5614	-0.1666	12.303	24.3198	348.3366	0.0713	1.3414	-0.1448	318.9893	349.9641	5.3091	0.046	0.9345	-0.1424	50.7233	96.4872	336.4031	-0.4119	0.0167	1.9796	True	True	0.0121	-0.0087	0.0204	-0.2061	0.0124	0.9785	52	52	0.4662	0.7689	0	0.4662	0.7689	0	-0.201	0.0082	-0.9796	0
Boxe_EPreN4_360_Testing_N1_S8_D	3.419997	0.1933	1.5614	-0.1674	12.2955	24.3755	348.2917	0.0711	1.3415	-0.1451	318.9498	350.0192	5.2936	0.0459	0.9347	-0.1425	50.7215	96.4952	336.4559	-0.4039	0.0107	1.9789	True	True	0.0153	-0.0087	0.0203	-0.2048	0.0057	0.9788	52	52	0.4674	0.7702	0	0.4674	0.7702	0	-0.1982	0.0015	-0.9802	0
Boxe_EPreN4_360_Testing_N1_S8_D	3.439997	0.1933	1.5613	-0.1681	12.3029	24.4107	348.2493	0.0709	1.3417	-0.1459	318.9063	350.1028	5.2371	0.0457	0.9343	-0.1427	50.7047	96.4283	336.4294	-0.401	0.0059	1.978	True	True	0.0165	-0.0087	0.0203	-0.2071	0.0041	0.9783	52	52	0.466	0.7711	0	0.466	0.7711	0	-0.1999	-0.0001	-0.9798	0
Boxe_EPreN4_360_Testing_N1_S8_D	3.459997	0.1933	1.5611	-0.1697	12.3138	24.5144	348.1938	0.0705	1.3419	-0.1468	318.7354	350.2636	5.1727	0.0454	0.934	-0.1432	50.7153	96.4608	336.3097	-0.3988	0.0025	1.9772	True	True	0.0216	-0.0087	0.0201	-0.2088	0.0032	0.978	52	52	0.4651	0.7715	0	0.4651	0.7715	0	-0.1993	-0.001	-0.9799	0
Boxe_EPreN4_360_Testing_N1_S8_D	3.479997	0.1934	1.561	-0.1703	12.3214	24.556	348.1775	0.0705	1.3418	-0.1475	318.7537	350.3619	5.1619	0.0452	0.9338	-0.1434	50.7399	96.4495	336.209	-0.3994	0.0022	1.9761	True	True	0.0232	-0.0087	0.0201	-0.2117	0.0052	0.9773	52	52	0.4652	0.7716	0	0.4652	0.7716	0	-0.2015	0.001	-0.9795	0
Boxe_EPreN4_360_Testing_N1_S8_D	3.499997	0.1935	1.5608	-0.1713	12.3654	24.6252	348.1117	0.0705	1.3417	-0.1479	318.7261	350.4942	5.1345	0.0448	0.9334	-0.1438	50.8486	96.4167	336.0434	-0.4021	0.002	1.975	True	True	0.0242	-0.0087	0.02	-0.2147	0.0053	0.9767	52	52	0.4651	0.7717	0	0.4651	0.7717	0	-0.204	0.0011	-0.979	0
Boxe_EPreN4_360_Testing_N1_S8_D	3.519997	0.1936	1.5603	-0.1721	12.4501	24.6748	347.966	0.0705	1.3415	-0.1484	318.6822	350.5232	5.1418	0.0447	0.9332	-0.1441	50.8504	96.4242	335.9583	-0.4047	0.0016	1.974	True	True	0.0241	-0.0087	0.02	-0.216	0.0048	0.9764	52	52	0.4652	0.7719	0	0.4652	0.7719	0	-0.2054	0.0006	-0.9787	0
Boxe_EPreN4_360_Testing_N1_S8_D	3.539997	0.1941	1.56	-0.173	12.5679	24.7578	347.7308	0.0706	1.3414	-0.1489	318.6745	350.5806	5.1513	0.0448	0.934	-0.1443	50.8684	96.4545	335.9554	-0.4323	-0.0123	1.968	True	True	0.0235	-0.0088	0.0199	-0.2427	-0.0113	0.97	52	52	0.4648	0.773	0	0.4648	0.773	0	-0.2326	-0.0156	-0.9725	0
Boxe_EPreN4_360_Testing_N1_S8_D	3.559997	0.1957	1.5583	-0.1745	12.6926	24.9449	347.2359	0.0706	1.341	-0.1498	318.6224	350.7118	5.1241	0.0448	0.9337	-0.1452	50.8867	96.5468	336.015	-0.4325	-0.0222	1.9675	True	True	0.0235	-0.0088	0.0198	-0.2281	-0.0134	0.9735	52	52	0.4694	0.7778	0	0.4694	0.7778	0	-0.2178	-0.0177	-0.9758	0
Boxe_EPreN4_360_Testing_N1_S8_D	3.579997	0.199	1.5537	-0.1761	12.9086	25.3771	346.4229	0.0707	1.3406	-0.1503	318.5833	350.8345	5.0849	0.0448	0.9331	-0.1462	50.8801	96.7734	336.1536	-0.4227	-0.0233	1.9696	True	True	0.0236	-0.0088	0.0201	-0.217	-0.008	0.9761	52	52	0.468	0.7748	0	0.468	0.7748	0	-0.2066	-0.0124	-0.9783	0
Boxe_EPreN4_360_Testing_N1_S8_D	3.599997	0.2062	1.5472	-0.1775	13.0511	26.2456	346.1892	0.0718	1.3383	-0.1519	318.4139	351.7581	4.5216	0.0448	0.933	-0.1469	50.7913	97.5164	336.389	-0.4008	-0.0483	1.9734	True	True	0.03	-0.0087	0.0205	-0.1999	-0.0351	0.9792	4	4	0.468	0.7748	0	0.468	0.7748	0	-0.1864	-0.0395	-0.9817	0
Boxe_EPreN4_360_Testing_N1_S8_D	3.619997	0.2162	1.5357	-0.1789	13.0342	27.5278	346.7343	0.0758	1.3328	-0.1546	318.694	354.9676	1.3494	0.0447	0.9323	-0.1468	50.6998	98.0169	336.7969	-0.4318	-0.0232	1.9735	True	True	-0.0303	-0.0092	0.0218	-0.2179	0.0095	0.9759	52	52	0.4799	0.7757	0	0.4799	0.7757	0	-0.2325	0.005	-0.9726	0
Boxe_EPreN4_360_Testing_N1_S8_D	3.639997	0.2295	1.5187	-0.182	13.845	29.3969	346.6186	0.0833	1.3234	-0.1566	319.6805	359.7057	355.9627	0.0441	0.9272	-0.1454	50.7994	98.538	338.3748	-0.4508	-0.0271	1.9655	True	True	0.0307	-0.0093	0.0192	-0.2512	-0.0116	0.9679	4	4	0.4799	0.7757	0	0.4799	0.7757	0	-0.2378	-0.0162	-0.9712	0
Boxe_EPreN4_360_Testing_N1_S8_D	3.659997	0.2434	1.4975	-0.1848	15.6903	31.6433	344.562	0.0945	1.309	-0.1585	320.1785	4.2055	351.1955	0.0433	0.9223	-0.144	51.4032	97.7988	340.0619	-0.4498	0.0074	1.9635	True	True	0.0266	-0.0105	0.0191	-0.2376	0.0294	0.9709	52	52	0.5154	0.7938	0	0.5154	0.7938	0	-0.2259	0.0245	-0.9738	0
Boxe_EPreN4_360_Testing_N1_S8_D	3.679997	0.256	1.4712	-0.1873	17.7781	33.8414	341.2108	0.1058	1.2882	-0.1601	321.2173	8.3021	347.9364	0.0416	0.9148	-0.1426	52.7037	95.3863	339.8645	-0.4445	-0.0049	1.9637	True	True	0.0318	-0.0107	0.02	-0.2349	-0.0058	0.972	4	4	0.5154	0.7938	0	0.5154	0.7938	0	-0.2209	-0.011	-0.9752	0
Boxe_EPreN4_360_Testing_N1_S8_D	3.699997	0.2719	1.4311	-0.1909	20.4199	36.4379	337.6729	0.1205	1.2542	-0.1643	323.5968	14.3228	343.4875	0.0381	0.9036	-0.1422	54.3225	94.4389	336.5832	-0.3655	0.0001	1.9815	True	True	-0.0294	-0.0107	0.0209	-0.125	0.0088	0.9921	52	52	0.5309	0.8188	0	0.5309	0.8188	0	-0.1396	0.0035	-0.9902	0
Boxe_EPreN4_360_Testing_N1_S8_D	3.719997	0.2859	1.3957	-0.1935	22.6218	38.5242	335.5941	0.129	1.2281	-0.1677	325.2826	18.5275	341.4566	0.0356	0.8971	-0.1436	55.1268	94.596	332.1249	-0.3011	-0.0173	1.9906	True	True	0.0266	-0.0112	0.0203	-0.1314	-0.0147	0.9912	52	52	0.5297	0.827	0	0.5297	0.827	0	-0.1188	-0.0203	-0.9927	0
Boxe_EPreN4_360_Testing_N1_S8_D	3.739997	0.2979	1.3592	-0.1957	24.4314	40.2801	334.2702	0.1358	1.1952	-0.1742	327.1925	22.6988	337.8802	0.0337	0.8906	-0.1462	54.7062	96.5384	328.6093	-0.2669	-0.0517	1.9955	True	True	0.0258	-0.0111	0.0204	-0.1289	-0.0405	0.9908	52	52	0.5289	0.8285	0	0.5289	0.8285	0	-0.1167	-0.0461	-0.9921	0
Boxe_EPreN4_360_Testing_N1_S8_D	3.759997	0.3108	1.3233	-0.1973	25.7	41.4734	333.3828	0.1395	1.1663	-0.1797	329.5034	26.1216	333.0738	0.0323	0.8816	-0.1493	53.0774	100.337	327.9843	-0.1773	0.0169	2.0049	True	True	-0.03	-0.0113	0.0213	-0.0371	0.051	0.998	52	52	0.5257	0.8325	0	0.5257	0.8325	0	-0.0521	0.0455	-0.9976	0
Boxe_EPreN4_360_Testing_N1_S8_D	3.779997	0.33	1.2167	-0.2005	28.558	44.2693	330.2339	0.1445	1.0725	-0.194	341.559	34.498	318.0483	0.0293	0.8519	-0.1559	52.2261	107.439	332.6949	-0.0738	0.0098	0.3475	True	True	0	0	0	0	0	0	0	0	0	0	0	0	0	0	-0.2209	-0.011	-0.9752	2
Boxe_EPreN4_360_Testing_N1_S8_D	3.799997	0.3376	1.1707	-0.202	30.7998	43.7163	327.6403	0.1359	1.0307	-0.1983	343.3157	35.9427	315.7288	0.0281	0.8322	-0.1585	53.517	110.9371	339.0967	-0.0313	0.0057	0.0632	True	True	0	0	0	0	0	0	0	0	0	0	0	0	0	0	-0.2209	-0.011	-0.9752	2
Boxe_EPreN4_360_Testing_N1_S8_D	3.819997	0.3416	1.1164	-0.2052	34.8018	42.0804	324.0722	0.1223	0.9501	-0.1967	352.8093	35.9192	320.195	0.0261	0.8003	-0.1628	54.1975	115.2515	342.6187	-0.0135	0.0033	0.012	True	True	0	0	0	0	0	0	0	0	0	0	0	0	0	0	-0.2209	-0.011	-0.9752	2
Boxe_EPreN4_360_Testing_N1_S8_D	3.839997	0.3469	1.0726	-0.2079	38.7394	39.9036	320.8601	0.1137	0.9138	-0.195	352.8048	37.2811	319.1085	0.0257	0.7733	-0.1654	54.2431	116.5285	341.0744	-0.161	0.0198	1.177	True	True	0.0291	-0.0091	0.0199	-0.185	0.0247	0.9824	4	4	0.5257	0.8325	0	0.5257	0.8325	0	-0.1717	0.0204	-0.9849	0
Boxe_EPreN4_360_Testing_N1_S8_D	3.859997	0.3517	1.0367	-0.2109	40.9921	38.8562	318.6895	0.1046	0.8917	-0.193	352.3279	36.4434	318.2542	0.0255	0.7499	-0.167	54.7132	117.2956	339.9325	-0.3048	0.0994	1.6211	True	True	0.0287	-0.008	0.02	-0.2368	0.0908	0.9673	4	4	0.5257	0.8325	0	0.5257	0.8325	0	-0.2244	0.0875	-0.9706	0
Boxe_EPreN4_360_Testing_N1_S8_D	3.879997	0.355	1.0028	-0.2135	42.5089	38.3776	316.4323	0.0941	0.8529	-0.187	357.8128	34.7676	321.5698	0.0242	0.7085	-0.168	57.6715	114.5201	334.5697	-0.1323	0.0583	0.3171	True	True	0	0	0	0	0	0	0	0	0	0	0	0	0	0	-0.2169	0.0017	-0.9762	2
Boxe_EPreN4_360_Testing_N1_S8_D	3.899997	0.3515	0.9649	-0.2141	41.352	39.6585	316.1568	0.0957	0.8507	-0.1847	359.1282	36.8518	325.9482	0.0259	0.6969	-0.1659	59.16	105.0069	322.5609	-0.0584	0.0342	0.0648	True	True	0	0	0	0	0	0	0	0	0	0	0	0	0	0	-0.2169	0.0017	-0.9762	2
Boxe_EPreN4_360_Testing_N1_S8_D	3.919997	0.3474	0.9486	-0.2156	41.7	37.6146	314.9348	0.095	0.8362	-0.1859	357.537	37.8922	323.3955	0.0254	0.6643	-0.1675	60.4523	101.0432	315.6779	-0.281	0.5988	1.0368	True	True	0.027	-0.0062	0.0214	-0.2513	0.42	0.872	4	4	0.5257	0.8325	0	0.5257	0.8325	0	-0.2412	0.42	-0.8749	0
Boxe_EPreN4_360_Testing_N1_S8_D	3.939997	0.3502	0.9366	-0.2194	41.3257	34.1802	313.3459	0.0985	0.8439	-0.1907	353.3209	37.1184	316.2668	0.0295	0.6779	-0.1704	53.836	110.9641	340.7358	-0.3788	0.7733	1.4436	True	True	0.0266	-0.0063	0.0215	-0.2472	0.4274	0.8696	4	4	0.5257	0.8325	0	0.5257	0.8325	0	-0.2373	0.4274	-0.8724	0
Boxe_EPreN4_360_Testing_N1_S8_D	3.959997	0.3522	0.9291	-0.2243	40.0857	33.3683	312.9527	0.1035	0.8556	-0.1899	351.3491	37.0557	313.3746	0.0265	0.6704	-0.1705	54.1626	113.4534	346.8185	-0.4092	0.8778	1.5995	True	True	0.0265	-0.006	0.0217	-0.2328	0.464	0.8547	4	4	0.5257	0.8325	0	0.5257	0.8325	0	-0.2164	0.4507	-0.866	0
Boxe_EPreN4_360_Testing_N1_S8_D	3.979997	0.3558	0.9325	-0.2304	38.1886	33.4664	312.6529	0.1438	0.86	-0.1707	352.3988	38.599	314.0095	0.0209	0.6665	-0.1693	61.4873	102.4653	326.4593	-0.4089	0.8721	1.6913	True	True	0.0269	-0.0058	0.0215	-0.2178	0.4376	0.8724	4	4	0.5257	0.8325	0	0.5257	0.8325	0	-0.2074	0.4378	-0.8748	0
Boxe_EPreN4_360_Testing_N1_S8_D	3.999997	0.3531	0.9374	-0.2352	36.5772	34.4357	313.1781	0.1407	0.8752	-0.1828	352.3435	40.2617	317.5835	0.0204	0.6849	-0.1712	59.1535	94.3336	303.7188	-0.3993	0.9615	1.6958	True	True	0.027	-0.0054	0.0218	-0.2077	0.5027	0.8391	4	4	0.5257	0.8325	0	0.5257	0.8325	0	-0.1827	0.4654	-0.866	0
Boxe_EPreN4_360_Testing_N1_S8_D	4.019997	0.3492	0.9507	-0.2408	35.683	34.9784	314.0845	0.1474	0.8966	-0.1849	350.7165	39.8142	319.186	0.021	0.7037	-0.1773	56.871	101.1469	307.4294	-0.4215	0.8998	1.7287	True	True	0.0274	-0.006	0.0213	-0.2358	0.437	0.868	4	4	0.5257	0.8325	0	0.5257	0.8325	0	-0.2254	0.4371	-0.8707	0
Boxe_EPreN4_360_Testing_N1_S8_D	4.039997	0.3484	0.9687	-0.2465	35.4855	35.0384	315.2582	0.1514	0.9137	-0.1846	349.3298	39.1993	320.9763	0.0215	0.7251	-0.1844	56.6426	108.6007	326.6424	-0.4305	0.8874	1.7405	True	True	0.0277	-0.0067	0.0211	-0.2338	0.4438	0.8651	4	4	0.5257	0.8325	0	0.5257	0.8325	0	-0.2234	0.4437	-0.8679	0
Boxe_EPreN4_360_Testing_N1_S8_D	4.059997	0.3491	0.9896	-0.2512	35.05	34.9346	316.8864	0.1558	0.937	-0.1841	347.5113	38.2858	322.8947	0.0226	0.7388	-0.1886	57.5134	107.3106	330.1947	-0.1821	0.3713	0.3547	True	True	0	0	0	0	0	0	0	0	0	0	0	0	0	0	-0.2321	0.2513	-0.9397	2
Boxe_EPreN4_360_Testing_N1_S8_D	4.079997	0.3487	1.0177	-0.2574	33.9584	34.9487	318.6262	0.1645	0.9686	-0.1844	345.1097	37.74	324.1711	0.023	0.7651	-0.1969	58.251	101.9939	326.866	-0.3173	0.3436	1.3441	True	True	0.028	-0.0061	0.0203	-0.2402	0.1556	0.9582	4	4	0.5257	0.8325	0	0.5257	0.8325	0	-0.2282	0.1536	-0.9614	0
Boxe_EPreN4_360_Testing_N1_S8_D	4.099997	0.3471	1.0434	-0.263	32.8984	35.0597	320.2051	0.1691	0.991	-0.184	343.2016	37.5376	324.165	0.0231	0.7786	-0.2018	57.7908	102.3172	324.3977	-0.3511	0.6257	1.6075	True	True	0.0281	-0.0077	0.0207	-0.2093	0.4007	0.892	4	4	0.5257	0.8325	0	0.5257	0.8325	0	-0.1981	0.3997	-0.895	0
Boxe_EPreN4_360_Testing_N1_S8_D	4.119997	0.3451	1.0666	-0.2679	32.0649	35.2214	321.4254	0.1725	1.0097	-0.1832	341.6279	37.2329	324.6851	0.0213	0.7939	-0.208	56.8822	104.1002	322.8865	-0.1493	0.2599	0.3347	True	True	0	0	0	0	0	0	0	0	0	0	0	0	0	0	-0.2287	0.2579	-0.9387	2
Boxe_EPreN4_360_Testing_N1_S8_D	4.139997	0.3424	1.0909	-0.2725	31.2646	35.3138	322.5676	0.1366	1.0276	-0.2277	339.3597	36.7571	325.3079	0.0211	0.8064	-0.2127	55.8085	105.3965	322.0102	-0.0647	0.1101	0.0728	True	True	0	0	0	0	0	0	0	0	0	0	0	0	0	0	-0.2287	0.2579	-0.9387	2
Boxe_EPreN4_360_Testing_N1_S8_D	4.159997	0.3333	1.1508	-0.2817	28.599	34.6622	325.6805	0.1239	1.0773	-0.2489	336.0268	34.8489	327.2654	0.0188	0.8406	-0.224	54.9559	104.7224	323.9881	-0.0285	0.0475	0.0165	True	True	0	0	0	0	0	0	0	0	0	0	0	0	0	0	-0.2287	0.2579	-0.9387	2
Boxe_EPreN4_360_Testing_N1_S8_D	4.179997	0.3296	1.1752	-0.2855	27.7763	34.0705	326.2742	0.1217	1.0944	-0.2513	334.7835	33.9855	328.9222	0.0178	0.8496	-0.226	54.3984	103.223	324.5596	-0.0128	0.0209	0.0039	True	True	0	0	0	0	0	0	0	0	0	0	0	0	0	0	-0.2287	0.2579	-0.9387	2
Boxe_EPreN4_360_Testing_N1_S8_D	4.199997	0.3238	1.2036	-0.2895	26.628	33.3775	327.2622	0.1192	1.1255	-0.258	332.1884	32.6874	331.3233	0.0151	0.8667	-0.2293	54.455	100.421	324.9576	-0.0058	0.0093	0.001	True	True	0	0	0	0	0	0	0	0	0	0	0	0	0	0	-0.2287	0.2579	-0.9387	2
Boxe_EPreN4_360_Testing_N1_S8_D	4.219997	0.3178	1.2278	-0.2929	26.0063	32.9495	327.9649	0.1168	1.1403	-0.2608	330.7784	31.9107	332.4073	0.0131	0.8726	-0.2297	54.3407	99.4843	324.5007	-0.0027	0.0042	0.0002	True	True	0	0	0	0	0	0	0	0	0	0	0	0	0	0	-0.2287	0.2579	-0.9387	2
Boxe_EPreN4_360_Testing_N1_S8_D	4.239997	0.3118	1.2506	-0.2956	25.5332	32.7095	328.9515	0.1193	1.153	-0.263	329.6484	30.853	333.4297	0.0104	0.8764	-0.2289	54.6935	100.2706	323.6639	-0.0013	0.0019	0.0001	True	True	0	0	0	0	0	0	0	0	0	0	0	0	0	0	-0.2287	0.2579	-0.9387	2
Boxe_EPreN4_360_Testing_N1_S8_D	4.259997	0.3041	1.276	-0.2983	24.7236	32.3198	330.5781	0.1157	1.1801	-0.2682	327.42	28.6296	336.0603	0.0065	0.8882	-0.2302	54.6553	99.5805	322.4344	-0.0006	0.0009	0	True	True	0	0	0	0	0	0	0	0	0	0	0	0	0	0	-0.2287	0.2579	-0.9387	2
Boxe_EPreN4_360_Testing_N1_S8_D	4.279997	0.2971	1.2978	-0.3006	24.0862	32.0319	331.9665	0.1153	1.1901	-0.2702	326.3844	27.3956	337.9532	0.0045	0.8916	-0.23	54.351	98.6944	320.4566	-0.0003	0.0004	0	True	True	0	0	0	0	0	0	0	0	0	0	0	0	0	0	-0.2287	0.2579	-0.9387	2
Boxe_EPreN4_360_Testing_N1_S8_D	4.299997	0.2901	1.3175	-0.3027	23.6715	31.9097	333.0067	0.1126	1.2008	-0.2721	325.4885	26.4733	339.3984	0.0037	0.8934	-0.229	53.8499	97.3638	318.3289	-0.0001	0.0002	0	True	True	0	0	0	0	0	0	0	0	0	0	0	0	0	0	-0.2287	0.2579	-0.9387	2
Boxe_EPreN4_360_Testing_N1_S8_D	4.319997	0.2814	1.3382	-0.304	23.0088	31.6311	334.7073	0.1116	1.2238	-0.276	323.8374	24.6522	341.5536	0.0022	0.9018	-0.2286	53.4151	95.4335	316.1793	-0.0001	0.0001	0	True	True	0	0	0	0	0	0	0	0	0	0	0	0	0	0	-0.2287	0.2579	-0.9387	2
Boxe_EPreN4_360_Testing_N1_S8_D	4.339997	0.2741	1.3569	-0.3048	22.3029	31.3537	336.0789	0.1085	1.2321	-0.2773	323.0987	23.4989	342.2617	0.0039	0.9045	-0.2273	52.9833	94.503	316.4462	0	0	0	True	True	0	0	0	0	0	0	0	0	0	0	0	0	0	0	-0.2287	0.2579	-0.9387	2
