Video Name	Avatar Name	Timeline	Head Position. x	Head Position. y	Head Position. z	Head Rotation. x	Head Rotation. y	Head Rotation. z	Controller Right Position. x	Controller Right Position. y	Controller Right Position. z	Controller Right Rotation. x	Controller Right Rotation. y	Controller Right Rotation. z	Controller Left Position. x	Controller Left Position. y	Controller Left Position. z	Controller Left Rotation. x	Controller Left Rotation. y	Controller Left Rotation. z	Eye. x	Eye. y	Eye. z	Eye Left Blinking	Eye Right Blinking	Left Eye Gaze Openness	 Right Eye Gaze Openness	Combine Eye Gaze Point. x	Combine Eye Gaze Point. y	Combine Eye Gaze Point. z	Combine Eye Gaze Vector. x	Combine Eye Gaze Vector. y	Combine Eye Gaze Vector. z	Left Eye Pose Status	Right Eye Pose Status	Left Eye Position Guide. x	Left Eye Position Guide. y	Left Eye Position Guide. z	Right Eye Position Guide. x	Right Eye Position Guide. y	Right Eye Position Guide. z	Foveated Gaze Direction. x	Foveated Gaze Direction. y	Foveated Gaze Direction. z	Foveated Gaze Tracking State	 AvatarReady	AvatarPosition. x	 AvatarPosition. y	 AvatarPosition. z	 AvatarRotation. x	 AvatarRotation. y	 AvatarRotation. z	AvatarLeftHand. x	 AvatarLeftHand. y	 AvatarLeftHand. z	AvatarRightHand. x	 AvatarRightHand. y	 AvatarRightHand. z	DistanceAvatarLeftHandAndUserHead	 DistanceAvatarRightHandAndUserHead	 DistanceAvatarLeftHandAndUserLeftHand	 DistanceAvatarLeftHandAndUserRightHand	 DistanceAvatarRightHandAndUserLeftHand	 DistanceAvatarRightHandAndUserRightHand
Boxe_EPreN4_VR_Testing_N1_S8_D	White_Man	0.02	0.2524	1.5718	0.1365	21.0443	4.8594	354.8132	0.2277	1.2623	-0.0045	4.498	240.8902	311.3572	0.1788	0.8926	0.0218	9.5187	214.159	169.8291	-0.2318	0.5074	1.9422	True	True	-0.0007	-0.0071	0.0222	-0.1208	0.2619	0.9575	52	52	1	1	0.5315	0.6893	0	0.5315	0.6893	0	-0.1216	0.2596	-0.958	0	False	0	0	0	0	0	0	0	0	0	0	0	0	0	0	0	0	0	0
Boxe_EPreN4_VR_Testing_N1_S8_D	White_Man	0.04	0.2529	1.5718	0.1418	21.0051	4.9304	354.8433	0.2278	1.2622	0.0012	4.3717	240.8153	311.2003	0.1796	0.8931	0.0262	9.5461	215.4129	169.7762	-0.2387	0.5187	1.9382	True	True	0	-0.0071	0.0222	-0.1227	0.2681	0.9555	52	52	1	1	0.5307	0.6897	0	0.5307	0.6897	0	-0.1232	0.2659	-0.9561	0	True	0.3177	0.012	0.9193	0	184.7864	0	0.3711	1.4102	0.6544	0.1436	1.3891	0.8	0.5504	0.6918	0.8358	0.6849	0.9198	0.8131
Boxe_EPreN4_VR_Testing_N1_S8_D	White_Man	0.06	0.254	1.5719	0.1535	20.7876	5.0918	354.9778	0.2283	1.2618	0.0133	4.2233	240.692	310.8458	0.1818	0.894	0.0363	9.4979	217.3104	169.4559	-0.2439	0.5379	1.9322	True	True	0	-0.0071	0.0222	-0.1245	0.282	0.9513	52	52	1	1	0.53	0.6857	0	0.53	0.6857	0	-0.1251	0.2799	-0.9519	0	True	0.3177	0.0117	0.9193	0	184.7864	0	0.3714	1.4103	0.6549	0.1439	1.3894	0.8003	0.5397	0.6811	0.8278	0.6739	0.9114	0.8017
Boxe_EPreN4_VR_Testing_N1_S8_D	White_Man	0.08	0.2548	1.5717	0.1657	20.4073	5.2581	355.2211	0.2292	1.2613	0.0252	4.0231	240.5474	310.5426	0.1844	0.8942	0.0479	8.9805	218.207	168.569	-0.2451	0.5262	1.9344	True	True	0	-0.0071	0.0222	-0.1232	0.2611	0.9574	52	52	1	1	0.5312	0.688	0	0.5312	0.688	0	-0.1237	0.2589	-0.958	0	True	0.3177	0.0115	0.9193	0	184.7864	0	0.3717	1.4108	0.6556	0.1445	1.3901	0.8009	0.5287	0.6697	0.8193	0.6634	0.9025	0.7908
Boxe_EPreN4_VR_Testing_N1_S8_D	White_Man	0.09999999	0.2552	1.5716	0.1721	20.204	5.3183	355.3669	0.2299	1.2609	0.0313	3.9024	240.5482	310.4462	0.1857	0.8938	0.0541	8.4714	217.7043	167.9872	-0.2517	0.5191	1.9352	True	True	0	-0.0071	0.0222	-0.1292	0.2597	0.957	52	52	1	1	0.5298	0.6915	0	0.5298	0.6915	0	-0.1297	0.2574	-0.9576	0	True	0.3177	0.0114	0.9193	0	184.7864	0	0.3717	1.4108	0.6558	0.1447	1.3903	0.801	0.5229	0.6638	0.8149	0.6578	0.8979	0.7852
Boxe_EPreN4_VR_Testing_N1_S8_D	White_Man	0.12	0.256	1.5712	0.1839	19.8751	5.4355	355.5858	0.2314	1.2597	0.0431	3.7221	240.7156	310.2739	0.1887	0.8938	0.0675	6.8567	216.4165	167.2584	-0.2513	0.5169	1.9358	True	True	0	-0.0072	0.0222	-0.1254	0.2609	0.9572	52	52	1	1	0.5301	0.6932	0	0.5301	0.6932	0	-0.1259	0.2586	-0.9577	0	True	0.3177	0.0112	0.9193	0	184.7864	0	0.3716	1.4109	0.6563	0.1449	1.3907	0.8014	0.512	0.6528	0.8047	0.6469	0.8873	0.7743
Boxe_EPreN4_VR_Testing_N1_S8_D	White_Man	0.14	0.2563	1.571	0.1902	19.7912	5.5043	355.6588	0.2323	1.259	0.0493	3.721	240.8871	310.1615	0.1899	0.8936	0.0747	5.8454	215.724	167.1568	-0.2507	0.5153	1.9363	True	True	0	-0.0072	0.0222	-0.1251	0.2605	0.9574	52	52	1	1	0.53	0.6932	0	0.53	0.6932	0	-0.1256	0.2581	-0.9579	0	True	0.3177	0.0112	0.9193	0	184.7864	0	0.3716	1.4109	0.6565	0.1449	1.3908	0.8015	0.5063	0.6469	0.7995	0.6412	0.8818	0.7686
Boxe_EPreN4_VR_Testing_N1_S8_D	White_Man	0.16	0.2568	1.5707	0.1959	19.7157	5.6049	355.7273	0.2331	1.2584	0.0554	3.8004	241.1146	310.0314	0.1912	0.8913	0.0809	5.063	215.2014	167.3901	-0.2607	0.5132	1.9356	True	True	0.0001	-0.0072	0.0222	-0.1356	0.2592	0.9563	52	52	1	1	0.5296	0.6943	0	0.5296	0.6943	0	-0.1361	0.2568	-0.9568	0	True	0.3177	0.0111	0.9193	0	184.7864	0	0.3716	1.4111	0.6566	0.1449	1.391	0.8016	0.5009	0.6416	0.7964	0.6356	0.8782	0.7629
Boxe_EPreN4_VR_Testing_N1_S8_D	White_Man	0.18	0.2577	1.5704	0.2066	19.6339	5.9161	355.8911	0.2349	1.2576	0.0669	4.2456	241.8616	309.7155	0.1922	0.8873	0.0913	5.0855	215.5806	168.1335	-0.2641	0.4985	1.9386	True	True	-0.0001	-0.0072	0.0222	-0.1338	0.2457	0.9601	52	52	1	1	0.5304	0.6955	0	0.5304	0.6955	0	-0.1344	0.2433	-0.9606	0	True	0.3177	0.011	0.9193	0	184.7864	0	0.3718	1.4115	0.657	0.145	1.3912	0.8017	0.491	0.6316	0.7919	0.625	0.8723	0.7522
Boxe_EPreN4_VR_Testing_N1_S8_D	White_Man	0.2	0.2585	1.5705	0.2121	19.7187	6.1275	355.9797	0.2356	1.2573	0.0726	4.4714	242.2112	309.5899	0.1922	0.8883	0.0967	5.6187	216.921	168.9897	-0.2618	0.4975	1.9391	True	True	0.0037	-0.0071	0.0221	-0.1315	0.2518	0.9588	52	52	1	1	0.5332	0.6956	0	0.5332	0.6956	0	-0.1303	0.2495	-0.9596	0	True	0.3177	0.0109	0.9193	0	184.7864	0	0.3719	1.4118	0.6573	0.1451	1.3914	0.8018	0.486	0.6266	0.7878	0.6199	0.8674	0.7469
Boxe_EPreN4_VR_Testing_N1_S8_D	White_Man	0.22	0.2599	1.5716	0.2221	19.9817	6.6321	356.1824	0.2368	1.257	0.0827	4.7836	242.8122	309.2858	0.1934	0.8908	0.1033	8.1468	221.6307	171.5748	-0.2701	0.4868	1.9404	True	True	0.0036	-0.007	0.0221	-0.1413	0.2416	0.96	52	52	1	1	0.5315	0.6918	0	0.5315	0.6918	0	-0.1402	0.2393	-0.9608	0	True	0.3177	0.0106	0.9193	0	184.7864	0	0.3723	1.4126	0.658	0.1451	1.3917	0.802	0.4774	0.6179	0.7824	0.6112	0.8611	0.7375
Boxe_EPreN4_VR_Testing_N1_S8_D	White_Man	0.24	0.2607	1.5724	0.227	20.0826	6.9492	356.2744	0.2371	1.2573	0.0874	4.9464	243.2078	309.0378	0.1936	0.8923	0.1067	8.9287	222.0809	171.5069	-0.2804	0.4796	1.9408	True	True	0.0034	-0.007	0.0221	-0.1473	0.2396	0.9596	52	52	1	1	0.5309	0.6902	0	0.5309	0.6902	0	-0.1464	0.2373	-0.9603	0	True	0.3177	0.0104	0.9193	0	184.7864	0	0.3726	1.4131	0.6584	0.1451	1.3919	0.8021	0.4733	0.6137	0.7795	0.6072	0.8576	0.733
Boxe_EPreN4_VR_Testing_N1_S8_D	White_Man	0.26	0.2626	1.574	0.2356	20.2401	7.5772	356.3934	0.2372	1.2591	0.0953	5.541	244.4795	308.4203	0.1953	0.8985	0.1141	9.3327	222.1722	170.2953	-0.2865	0.4861	1.9389	True	True	-0.0002	-0.007	0.0222	-0.1464	0.2501	0.9571	52	52	1	1	0.5308	0.6878	0	0.5308	0.6878	0	-0.1471	0.2478	-0.9576	0	True	0.3177	0.0104	0.9193	0	184.7864	0	0.3736	1.414	0.659	0.1455	1.3926	0.8021	0.4661	0.6063	0.771	0.6003	0.8485	0.7251
Boxe_EPreN4_VR_Testing_N1_S8_D	White_Man	0.28	0.2636	1.5752	0.2397	20.3133	7.8531	356.4599	0.2374	1.2602	0.0989	5.7055	244.8962	308.2535	0.1963	0.9038	0.117	9.6879	223.0362	169.4549	-0.2952	0.4894	1.9371	True	True	-0.0002	-0.007	0.0222	-0.1521	0.25	0.9562	52	52	1	1	0.5301	0.6851	0	0.5301	0.6851	0	-0.1528	0.2477	-0.9567	0	True	0.3177	0.0104	0.9193	0	184.7864	0	0.3741	1.4144	0.6592	0.1457	1.3929	0.8021	0.4626	0.6028	0.7657	0.597	0.8432	0.7215
Boxe_EPreN4_VR_Testing_N1_S8_D	White_Man	0.3	0.2659	1.5776	0.2471	20.3523	8.3382	356.6035	0.2384	1.2631	0.1057	5.3451	244.9901	308.1046	0.1995	0.9157	0.1225	9.9581	223.7856	167.7482	-0.3071	0.4728	1.939	True	True	-0.0003	-0.007	0.0222	-0.1596	0.2315	0.9597	52	52	1	1	0.527	0.69	0	0.527	0.69	0	-0.1604	0.229	-0.9601	0	True	0.3177	0.0102	0.9193	0	184.7864	0	0.3751	1.4152	0.6598	0.1463	1.3937	0.8022	0.4567	0.5968	0.7543	0.5906	0.8326	0.7146
Boxe_EPreN4_VR_Testing_N1_S8_D	White_Man	0.32	0.2672	1.5789	0.2509	20.2497	8.5684	356.7033	0.239	1.2648	0.1082	4.9604	245.1381	308.0459	0.2017	0.9236	0.1236	10.3443	222.3495	165.9395	-0.3217	0.4759	1.9363	True	True	-0.0004	-0.007	0.0222	-0.1682	0.2432	0.9553	52	52	1	1	0.5264	0.6894	0	0.5264	0.6894	0	-0.169	0.2408	-0.9557	0	True	0.3177	0.0101	0.9193	0	184.7864	0	0.3755	1.4155	0.66	0.1464	1.3941	0.8023	0.4537	0.594	0.7483	0.5881	0.8277	0.7121
Boxe_EPreN4_VR_Testing_N1_S8_D	White_Man	0.34	0.2695	1.5809	0.2563	20.0078	8.9592	356.7804	0.2404	1.2676	0.1127	4.3801	245.4697	307.9882	0.2065	0.9371	0.1259	10.9738	219.8038	163.1249	-0.3336	0.4706	1.9356	True	True	-0.0004	-0.0071	0.0222	-0.1727	0.236	0.9563	52	52	1	1	0.5258	0.69	0	0.5258	0.69	0	-0.1736	0.2336	-0.9567	0	True	0.3177	0.0098	0.9193	0	184.7864	0	0.3763	1.4162	0.6606	0.1466	1.395	0.8026	0.4494	0.59	0.7378	0.5837	0.8193	0.7078
Boxe_EPreN4_VR_Testing_N1_S8_D	White_Man	0.36	0.2708	1.5816	0.2586	19.9537	9.092	356.7567	0.2414	1.269	0.1144	4.233	245.6057	307.8624	0.2094	0.949	0.1259	10.6794	217.2938	161.1508	-0.3338	0.46	1.9378	True	True	-0.0004	-0.0071	0.0222	-0.1668	0.228	0.9593	52	52	1	1	0.5252	0.6941	0	0.5252	0.6941	0	-0.1676	0.2255	-0.9597	0	True	0.3177	0.0097	0.9193	0	184.7864	0	0.3767	1.4166	0.6609	0.1467	1.3954	0.8028	0.4474	0.5884	0.7299	0.582	0.8133	0.7063
Boxe_EPreN4_VR_Testing_N1_S8_D	White_Man	0.38	0.2721	1.5823	0.2605	19.9714	9.1877	356.7038	0.2424	1.2701	0.1157	4.1554	245.771	307.7595	0.2121	0.9578	0.1269	10.5655	215.7641	159.4139	-0.3512	0.4576	1.9357	True	True	-0.0005	-0.0072	0.0222	-0.1842	0.2311	0.9553	52	52	1	1	0.5239	0.6967	0	0.5239	0.6967	0	-0.1851	0.2286	-0.9557	0	True	0.3177	0.0096	0.9193	0	184.7864	0	0.3771	1.4171	0.6612	0.1467	1.396	0.803	0.446	0.5872	0.7236	0.5808	0.8084	0.7053
Boxe_EPreN4_VR_Testing_N1_S8_D	White_Man	0.4	0.2744	1.5833	0.2623	20.0275	9.3821	356.4816	0.2442	1.2723	0.1175	4.0322	246.1729	307.6058	0.2157	0.9777	0.1271	11.1336	213.6125	154.9412	-0.3655	0.4383	1.9372	True	True	-0.0005	-0.0073	0.0222	-0.1897	0.2129	0.9585	52	52	1	1	0.5211	0.7005	0	0.5211	0.7005	0	-0.1907	0.2102	-0.9589	0	True	0.3177	0.0095	0.9193	0	184.7864	0	0.3777	1.4178	0.6617	0.1468	1.397	0.8035	0.4445	0.5865	0.7112	0.5789	0.7988	0.704
Boxe_EPreN4_VR_Testing_N1_S8_D	White_Man	0.42	0.2757	1.5834	0.2624	20.053	9.4753	356.367	0.245	1.273	0.1176	3.9955	246.4212	307.5489	0.2172	0.9886	0.1268	11.7891	213.0369	152.8496	-0.3776	0.4302	1.9369	True	True	-0.0007	-0.0073	0.0222	-0.1945	0.2145	0.9572	52	52	1	1	0.5208	0.7007	0	0.5208	0.7007	0	-0.1956	0.2119	-0.9575	0	True	0.3177	0.0095	0.9193	0	184.7864	0	0.378	1.418	0.6619	0.1468	1.3973	0.8036	0.4443	0.5867	0.7047	0.5787	0.7938	0.7041
Boxe_EPreN4_VR_Testing_N1_S8_D	White_Man	0.4400001	0.2776	1.5836	0.2604	20.1948	9.6508	356.2504	0.2465	1.274	0.1163	4.1413	246.9818	307.5554	0.2203	1.0088	0.1242	13.0762	211.8007	148.7316	-0.3894	0.425	1.9359	True	True	-0.0008	-0.0073	0.0222	-0.2002	0.2134	0.9562	52	52	1	1	0.5193	0.7018	0	0.5193	0.7018	0	-0.2014	0.2108	-0.9566	0	True	0.3177	0.0094	0.9193	0	184.7864	0	0.3787	1.4184	0.6623	0.1468	1.398	0.804	0.4462	0.5891	0.6945	0.58	0.7867	0.7059
Boxe_EPreN4_VR_Testing_N1_S8_D	White_Man	0.4600001	0.2786	1.5837	0.2585	20.3292	9.7219	356.1716	0.2474	1.2741	0.1147	4.3594	247.2514	307.6331	0.2209	1.0213	0.1228	13.7119	211.2834	146.6597	-0.3935	0.4283	1.9346	True	True	-0.0013	-0.0073	0.0222	-0.1982	0.2196	0.9552	52	52	1	1	0.5212	0.7013	0	0.5212	0.7013	0	-0.1996	0.217	-0.9555	0	True	0.3177	0.0094	0.9193	0	184.7864	0	0.379	1.4185	0.6624	0.1468	1.3982	0.8041	0.4478	0.5911	0.6884	0.5815	0.7821	0.7076
Boxe_EPreN4_VR_Testing_N1_S8_D	White_Man	0.4800001	0.2803	1.5839	0.2523	20.4903	9.915	356.0679	0.2491	1.2745	0.1107	4.8843	247.7318	307.8561	0.2222	1.0446	0.1188	15.1002	210.7535	142.689	-0.4035	0.4227	1.9343	True	True	-0.0067	-0.0074	0.0223	-0.2035	0.212	0.9558	52	52	1	1	0.5175	0.701	0	0.5175	0.701	0	-0.2073	0.2092	-0.9556	0	True	0.3177	0.0094	0.9193	0	184.7864	0	0.3796	1.4188	0.6626	0.1466	1.3986	0.8042	0.4532	0.5974	0.6786	0.5851	0.7752	0.712
Boxe_EPreN4_VR_Testing_N1_S8_D	White_Man	0.5000001	0.2813	1.5845	0.248	20.381	10.046	356.1371	0.2502	1.2745	0.1077	5.1303	247.8868	308.0422	0.2223	1.0547	0.1165	15.9629	210.5022	140.6913	-0.4094	0.4309	1.9317	True	True	-0.0067	-0.0074	0.0223	-0.2044	0.224	0.9529	52	52	1	1	0.5171	0.6984	0	0.5171	0.6984	0	-0.2082	0.2213	-0.9527	0	True	0.3177	0.0095	0.9193	0	184.7864	0	0.3799	1.4189	0.6626	0.1465	1.3987	0.8043	0.4571	0.6018	0.6751	0.5879	0.7728	0.7152
Boxe_EPreN4_VR_Testing_N1_S8_D	White_Man	0.52	0.2829	1.5857	0.2376	19.7197	10.3371	356.3394	0.2521	1.2744	0.1003	5.5894	248.1352	308.5914	0.2225	1.0752	0.1104	17.949	209.8047	137.1631	-0.4102	0.4282	1.9321	True	True	-0.0067	-0.0073	0.0223	-0.2022	0.2161	0.9552	52	52	1	1	0.5178	0.6957	0	0.5178	0.6957	0	-0.206	0.2134	-0.955	0	True	0.3177	0.0099	0.9193	0	184.7864	0	0.3803	1.4189	0.6622	0.1461	1.3988	0.8041	0.4665	0.6119	0.669	0.5943	0.7693	0.7226
Boxe_EPreN4_VR_Testing_N1_S8_D	White_Man	0.54	0.2835	1.586	0.2307	19.2676	10.4812	356.3281	0.253	1.2744	0.0962	5.8799	248.3608	308.9949	0.2223	1.0845	0.1058	19.0144	209.1255	135.5888	-0.413	0.4325	1.9307	True	True	-0.0067	-0.0072	0.0223	-0.2046	0.2224	0.9532	52	52	1	1	0.517	0.6945	0	0.517	0.6945	0	-0.2085	0.2198	-0.953	0	True	0.3177	0.0101	0.9193	0	184.7864	0	0.3805	1.4189	0.6621	0.146	1.3989	0.804	0.4726	0.6185	0.668	0.5978	0.7695	0.7266
Boxe_EPreN4_VR_Testing_N1_S8_D	White_Man	0.56	0.2841	1.5864	0.2234	18.9253	10.5651	356.2648	0.2538	1.2742	0.0916	6.2829	248.6624	309.5531	0.2218	1.0922	0.1002	19.9281	208.2238	134.3213	-0.4195	0.4312	1.9297	True	True	-0.0067	-0.0073	0.0223	-0.2098	0.2185	0.953	52	52	1	1	0.5154	0.6969	0	0.5154	0.6969	0	-0.2137	0.2158	-0.9528	0	True	0.3177	0.0103	0.9193	0	184.7864	0	0.3807	1.4191	0.662	0.1458	1.399	0.8041	0.4793	0.6256	0.6691	0.602	0.7716	0.7313
Boxe_EPreN4_VR_Testing_N1_S8_D	White_Man	0.58	0.2851	1.5877	0.2071	18.5685	10.4403	356.0076	0.2556	1.274	0.0818	7.0643	248.9598	310.6803	0.2207	1.1062	0.0877	21.9022	206.9837	132.1836	-0.4173	0.4149	1.9332	True	True	-0.0068	-0.0075	0.0223	-0.2041	0.2022	0.9579	52	52	1	1	0.5134	0.7043	0	0.5134	0.7043	0	-0.208	0.1993	-0.9576	0	True	0.3177	0.0104	0.9193	0	184.7864	0	0.3808	1.4198	0.6622	0.1453	1.3993	0.8045	0.4944	0.6418	0.6738	0.6114	0.778	0.7417
Boxe_EPreN4_VR_Testing_N1_S8_D	White_Man	0.6	0.2858	1.5886	0.1975	18.4763	10.2336	355.7626	0.2566	1.2737	0.0754	7.4755	248.8919	311.2532	0.2199	1.1081	0.079	23.4733	206.6021	131.3027	-0.4171	0.4055	1.9352	True	True	-0.0068	-0.0075	0.0223	-0.2051	0.2013	0.9578	52	52	1	1	0.5125	0.706	0	0.5125	0.706	0	-0.209	0.1984	-0.9576	0	True	0.3177	0.0104	0.9193	0	184.7864	0	0.3808	1.4202	0.6623	0.1451	1.3994	0.8046	0.5034	0.6512	0.6808	0.6175	0.7854	0.7482
Boxe_EPreN4_VR_Testing_N1_S8_D	White_Man	0.6199999	0.2869	1.5901	0.1773	18.181	9.8949	355.277	0.2583	1.2741	0.0616	8.6971	248.9862	312.4985	0.2182	1.1191	0.0636	26.7647	205.678	130.1926	-0.4163	0.3938	1.9377	True	True	-0.0068	-0.0075	0.0223	-0.2042	0.1942	0.9595	52	52	1	1	0.5139	0.7074	0	0.5139	0.7074	0	-0.2081	0.1913	-0.9592	0	True	0.3177	0.0106	0.9193	0	184.7864	0	0.381	1.4212	0.6625	0.1446	1.3994	0.8044	0.5223	0.6707	0.6903	0.6307	0.7956	0.7619
Boxe_EPreN4_VR_Testing_N1_S8_D	White_Man	0.6399999	0.2874	1.591	0.1658	18.0243	9.6641	355.144	0.259	1.2747	0.0541	9.6336	249.2973	313.2338	0.2176	1.1241	0.0547	27.7194	204.7738	129.973	-0.4146	0.3899	1.939	True	True	-0.0068	-0.0076	0.0223	-0.2029	0.1965	0.9593	52	52	1	1	0.5131	0.706	0	0.5131	0.706	0	-0.2068	0.1936	-0.959	0	True	0.3177	0.0107	0.9193	0	184.7864	0	0.3811	1.4215	0.6625	0.1444	1.3994	0.8043	0.5332	0.6817	0.6962	0.6377	0.8019	0.769
Boxe_EPreN4_VR_Testing_N1_S8_D	White_Man	0.6599999	0.2882	1.5921	0.1424	17.8862	9.136	354.7433	0.2607	1.2767	0.0363	11.5977	250.0246	314.5873	0.2165	1.1319	0.0348	29.393	202.7423	129.352	-0.4016	0.3806	1.9434	True	True	-0.0068	-0.0077	0.0222	-0.1893	0.189	0.9636	52	52	1	1	0.5166	0.7109	0	0.5166	0.7109	0	-0.1931	0.186	-0.9634	0	True	0.3177	0.0111	0.9193	0	184.7864	0	0.3816	1.4222	0.6626	0.1441	1.3994	0.8037	0.5552	0.7038	0.7112	0.6542	0.8174	0.7858
Boxe_EPreN4_VR_Testing_N1_S8_D	White_Man	0.6799999	0.2889	1.5927	0.1292	17.986	8.88	354.53	0.2613	1.2779	0.0274	12.1672	250.1695	315.1396	0.2151	1.1352	0.0243	30.3722	201.8736	129.0251	-0.3955	0.3663	1.9473	True	True	-0.0067	-0.0077	0.0222	-0.1905	0.1793	0.9652	52	52	1	1	0.517	0.7148	0	0.517	0.7148	0	-0.1944	0.1762	-0.965	0	True	0.3177	0.0113	0.9193	0	184.7864	0	0.3819	1.4225	0.6627	0.144	1.3994	0.8034	0.5676	0.7162	0.7197	0.6626	0.8258	0.7942
Boxe_EPreN4_VR_Testing_N1_S8_D	White_Man	0.6999999	0.2896	1.5933	0.1167	18.0912	8.6687	354.2902	0.2619	1.2794	0.0164	12.1212	249.9146	315.6549	0.2135	1.1399	0.0142	31.387	200.9499	128.446	-0.3921	0.3589	1.9496	True	True	-0.0067	-0.0077	0.0222	-0.1905	0.1793	0.9652	52	52	1	1	0.517	0.7148	0	0.517	0.7148	0	-0.1944	0.1762	-0.965	0	True	0.3177	0.0117	0.9193	0	184.7864	0	0.3824	1.4227	0.6627	0.144	1.3995	0.8031	0.5795	0.7279	0.7274	0.6729	0.8334	0.8045
Boxe_EPreN4_VR_Testing_N1_S8_D	White_Man	0.7199998	0.2911	1.5932	0.0906	18.2896	8.3178	353.5583	0.2635	1.2831	-0.0068	11.677	249.2323	316.7332	0.2106	1.1473	-0.0074	32.3513	198.8315	127.2648	-0.3905	0.3572	1.9504	True	True	-0.0066	-0.0077	0.0222	-0.1909	0.1815	0.9647	52	52	1	1	0.5206	0.7115	0	0.5206	0.7115	0	-0.1947	0.1784	-0.9645	0	True	0.3177	0.012	0.9193	0	184.7864	0	0.3829	1.4233	0.663	0.1439	1.3998	0.8026	0.6041	0.7523	0.7452	0.6947	0.851	0.8265
Boxe_EPreN4_VR_Testing_N1_S8_D	White_Man	0.7399998	0.2919	1.593	0.077	18.4275	8.0605	353.339	0.2646	1.285	-0.0185	11.7301	249.0916	317.196	0.2095	1.1529	-0.0177	32.287	197.8964	127.2407	-0.384	0.3467	1.9536	True	True	-0.0066	-0.0077	0.0222	-0.1844	0.1715	0.9678	52	52	1	1	0.5201	0.7154	0	0.5201	0.7154	0	-0.1882	0.1684	-0.9676	0	True	0.3177	0.0121	0.9193	0	184.7864	0	0.383	1.4237	0.6633	0.1437	1.3999	0.8025	0.6169	0.7652	0.753	0.7057	0.8591	0.8378
Boxe_EPreN4_VR_Testing_N1_S8_D	White_Man	0.7599998	0.294	1.5927	0.0517	18.6591	7.2045	353.0338	0.2667	1.2879	-0.0427	12.004	248.9989	318.205	0.207	1.1578	-0.0412	32.6841	196.0401	126.8259	-0.3723	0.3486	1.9558	True	True	-0.0075	-0.0077	0.0222	-0.1741	0.1793	0.9683	52	52	1	1	0.5204	0.7142	0	0.5204	0.7142	0	-0.1783	0.1762	-0.9681	0	True	0.3177	0.0121	0.9193	0	184.7864	0	0.383	1.4243	0.6639	0.1435	1.4005	0.8024	0.6412	0.7894	0.7741	0.729	0.8801	0.8615
Boxe_EPreN4_VR_Testing_N1_S8_D	White_Man	0.7799998	0.2953	1.5919	0.0387	18.7229	6.7311	352.7857	0.2676	1.2887	-0.0546	12.0249	248.7506	318.6886	0.2057	1.1592	-0.053	33.0455	195.0357	126.4004	-0.365	0.3528	1.9566	True	True	-0.0075	-0.0077	0.0222	-0.1736	0.1827	0.9677	52	52	1	1	0.5192	0.7121	0	0.5192	0.7121	0	-0.1778	0.1796	-0.9675	0	True	0.3177	0.0121	0.9193	0	184.7864	0	0.383	1.4246	0.6643	0.1435	1.4008	0.8024	0.6535	0.8018	0.7851	0.7406	0.8911	0.8732
Boxe_EPreN4_VR_Testing_N1_S8_D	White_Man	0.7999998	0.298	1.5901	0.0148	18.6201	5.8711	352.4513	0.2696	1.2899	-0.0783	11.6747	247.6523	319.4705	0.2038	1.1637	-0.0762	34.0371	192.6711	125.7606	-0.3572	0.3604	1.9567	True	True	-0.0074	-0.0076	0.0222	-0.1694	0.1887	0.9673	52	52	1	1	0.5223	0.7097	0	0.5223	0.7097	0	-0.1735	0.1857	-0.9672	0	True	0.3177	0.012	0.9193	0	184.7864	0	0.383	1.4253	0.6651	0.1435	1.4016	0.8025	0.6762	0.8246	0.8063	0.7641	0.9123	0.8968
Boxe_EPreN4_VR_Testing_N1_S8_D	White_Man	0.8199998	0.2997	1.5894	0.0024	18.4143	5.4785	352.265	0.2705	1.2895	-0.0897	11.1597	246.6516	319.7962	0.2034	1.1652	-0.0873	34.4931	191.3941	125.6396	-0.3504	0.3709	1.9559	True	True	-0.0074	-0.0076	0.0222	-0.1668	0.1959	0.9663	52	52	1	1	0.5233	0.7049	0	0.5233	0.7049	0	-0.1709	0.193	-0.9662	0	True	0.3177	0.0119	0.9193	0	184.7864	0	0.383	1.4256	0.6655	0.1435	1.4019	0.8026	0.6881	0.8366	0.8165	0.7756	0.9227	0.9083
Boxe_EPreN4_VR_Testing_N1_S8_D	White_Man	0.8399997	0.3015	1.5884	-0.0086	18.186	5.1873	351.9977	0.2714	1.2887	-0.101	10.3979	245.4091	319.9813	0.2028	1.1658	-0.0985	35.3924	190.3017	125.2825	-0.3386	0.3674	1.9585	True	True	-0.0073	-0.0075	0.0222	-0.1578	0.1853	0.9699	52	52	1	1	0.5256	0.7042	0	0.5256	0.7042	0	-0.1619	0.1823	-0.9698	0	True	0.3177	0.0117	0.9193	0	184.7864	0	0.3831	1.4261	0.6659	0.1435	1.4023	0.8025	0.6986	0.8471	0.8273	0.7871	0.9334	0.9196
Boxe_EPreN4_VR_Testing_N1_S8_D	White_Man	0.8599997	0.3055	1.5865	-0.0292	17.7101	4.8689	351.6361	0.2726	1.2865	-0.1216	9.103	244.2469	319.8018	0.2014	1.1631	-0.119	38.4952	188.9485	124.4948	-0.3258	0.3715	1.9598	True	True	-0.0073	-0.0074	0.0222	-0.151	0.1922	0.9697	52	52	1	1	0.5278	0.7004	0	0.5278	0.7004	0	-0.1551	0.1893	-0.9696	0	True	0.3177	0.0114	0.9193	0	184.7864	0	0.3833	1.4268	0.6666	0.1435	1.403	0.8025	0.7181	0.867	0.8484	0.8081	0.954	0.9403
Boxe_EPreN4_VR_Testing_N1_S8_D	White_Man	0.8799997	0.3075	1.5854	-0.0397	17.4976	4.8015	351.4959	0.2735	1.2854	-0.1302	9.3824	244.8744	319.7791	0.201	1.1622	-0.1276	38.9467	188.9077	124.7398	-0.3176	0.3729	1.9609	True	True	-0.0072	-0.0074	0.0222	-0.1499	0.191	0.9701	52	52	1	1	0.5302	0.7013	0	0.5302	0.7013	0	-0.1539	0.1881	-0.97	0	True	0.3177	0.0113	0.9193	0	184.7864	0	0.3834	1.427	0.6668	0.1435	1.4034	0.8024	0.7281	0.877	0.857	0.817	0.9625	0.949
Boxe_EPreN4_VR_Testing_N1_S8_D	White_Man	0.8999997	0.3118	1.5828	-0.0572	17.0281	4.884	350.8239	0.2748	1.2831	-0.1459	9.4968	245.2988	319.7811	0.2009	1.1623	-0.1402	37.382	190.0741	126.1699	-0.3144	0.3699	1.962	True	True	-0.0072	-0.0075	0.0222	-0.1515	0.1868	0.9706	52	52	1	1	0.5288	0.7046	0	0.5288	0.7046	0	-0.1556	0.1838	-0.9706	0	True	0.3177	0.0115	0.9193	0	184.7864	0	0.3837	1.4271	0.667	0.1438	1.4041	0.8019	0.7442	0.8934	0.869	0.8327	0.9743	0.9645
Boxe_EPreN4_VR_Testing_N1_S8_D	White_Man	0.9199997	0.3141	1.5811	-0.0658	16.7191	5.152	350.457	0.2749	1.2818	-0.1528	9.234	245.4817	319.9037	0.2007	1.1612	-0.1472	37.2036	190.116	126.502	-0.3122	0.3632	1.9636	True	True	-0.0072	-0.0075	0.0222	-0.151	0.1813	0.9718	52	52	1	1	0.5292	0.7061	0	0.5292	0.7061	0	-0.155	0.1783	-0.9717	0	True	0.3177	0.0115	0.9193	0	184.7864	0	0.3838	1.4271	0.667	0.144	1.4045	0.8017	0.7521	0.9016	0.8759	0.8398	0.9812	0.9713
Boxe_EPreN4_VR_Testing_N1_S8_D	White_Man	0.9399996	0.3177	1.5776	-0.0813	16.266	5.6602	350.0028	0.273	1.2787	-0.1679	7.9485	245.6714	320.3	0.2004	1.157	-0.1612	37.3003	189.7862	126.653	-0.3108	0.3557	1.9652	True	True	-0.008	-0.0075	0.0222	-0.1505	0.177	0.9726	52	52	1	1	0.5285	0.7067	0	0.5285	0.7067	0	-0.1549	0.1739	-0.9725	0	True	0.3177	0.0114	0.9193	0	184.7864	0	0.384	1.4272	0.6673	0.1442	1.4052	0.8013	0.7664	0.9159	0.8906	0.8555	0.9956	0.9859
Boxe_EPreN4_VR_Testing_N1_S8_D	White_Man	0.9599996	0.3193	1.5755	-0.0887	16.1784	5.8057	349.749	0.2712	1.2773	-0.1761	6.7386	245.138	320.3099	0.1999	1.1549	-0.1678	37.3712	189.6312	126.6508	-0.3018	0.3435	1.9686	True	True	-0.0079	-0.0077	0.0221	-0.1414	0.1685	0.9755	52	52	1	1	0.5322	0.7145	0	0.5322	0.7145	0	-0.1457	0.1653	-0.9754	0	True	0.3177	0.0113	0.9193	0	184.7864	0	0.384	1.4272	0.6673	0.1443	1.4054	0.8012	0.7731	0.9227	0.8974	0.864	1.0024	0.9937
Boxe_EPreN4_VR_Testing_N1_S8_D	White_Man	0.9799996	0.3224	1.5709	-0.1013	16.0555	6.0676	349.5264	0.2682	1.2745	-0.1913	4.5336	243.2847	319.9122	0.1979	1.1504	-0.1807	37.3627	189.6842	126.7187	-0.2583	0.2781	1.9821	True	True	-0.0078	-0.008	0.0221	-0.1023	0.1123	0.9884	52	52	1	1	0.5404	0.7283	0	0.5404	0.7283	0	-0.1065	0.1088	-0.9883	0	True	0.3177	0.0114	0.9193	0	184.7864	0	0.3841	1.427	0.6673	0.1444	1.4058	0.8006	0.7844	0.9341	0.9112	0.8797	1.0155	1.0082
Boxe_EPreN4_VR_Testing_N1_S8_D	White_Man	0.9999996	0.3238	1.5684	-0.1072	16.0437	6.1522	349.6359	0.2677	1.2728	-0.1984	4.0811	242.3883	319.5311	0.1967	1.1479	-0.1858	37.38	190.0595	126.7346	-0.2439	0.2471	1.9887	True	True	-0.0079	-0.008	0.0221	-0.11	0.1127	0.9875	52	52	1	1	0.5377	0.7298	0	0.5377	0.7298	0	-0.1142	0.1091	-0.9874	0	True	0.3177	0.0114	0.9193	0	184.7864	0	0.3841	1.4268	0.6672	0.1444	1.406	0.8004	0.7896	0.9393	0.9168	0.8868	1.0207	1.0151
Boxe_EPreN4_VR_Testing_N1_S8_D	White_Man	1.02	0.3249	1.5661	-0.113	16.0741	6.1497	349.6918	0.2676	1.2702	-0.2044	4.1165	242.0866	319.3081	0.1957	1.1453	-0.1903	37.5285	190.5768	126.5757	-0.2427	0.2374	1.9912	True	True	-0.0079	-0.008	0.0221	-0.1167	0.1178	0.9862	52	52	1	1	0.5362	0.7296	0	0.5362	0.7296	0	-0.121	0.1143	-0.9861	0	True	0.3177	0.0114	0.9193	0	184.7864	0	0.384	1.4268	0.6671	0.1443	1.406	0.8001	0.7946	0.9444	0.9219	0.893	1.0255	1.0211
Boxe_EPreN4_VR_Testing_N1_S8_D	White_Man	1.04	0.3269	1.561	-0.1225	16.1461	6.1076	349.4097	0.2685	1.2634	-0.2117	4.8212	242.9035	319.4714	0.1939	1.14	-0.1998	37.4828	191.31	126.3905	-0.2491	0.2306	1.9919	True	True	-0.0079	-0.008	0.0221	-0.1245	0.1158	0.9854	52	52	1	1	0.533	0.7286	0	0.533	0.7286	0	-0.1288	0.1123	-0.9853	0	True	0.3177	0.0113	0.9193	0	184.7864	0	0.3837	1.427	0.667	0.144	1.406	0.7996	0.8028	0.9528	0.9325	0.9012	1.0353	1.0288
Boxe_EPreN4_VR_Testing_N1_S8_D	White_Man	1.06	0.3277	1.5584	-0.1275	16.1394	6.1832	349.045	0.2697	1.261	-0.2143	4.8037	243.0129	319.5223	0.1937	1.1373	-0.2032	37.4965	191.7771	126.5259	-0.2509	0.2366	1.9916	True	True	-0.0079	-0.0079	0.0221	-0.1226	0.1255	0.9845	52	52	1	1	0.5329	0.7243	0	0.5329	0.7243	0	-0.1269	0.1221	-0.9844	0	True	0.3177	0.0113	0.9193	0	184.7864	0	0.3837	1.4269	0.6669	0.1441	1.406	0.7994	0.8071	0.9571	0.9364	0.9038	1.0391	1.0317
Boxe_EPreN4_VR_Testing_N1_S8_D	White_Man	1.08	0.3286	1.5537	-0.1354	16.1001	6.3886	348.4514	0.2704	1.2552	-0.22	4.6131	243.3972	319.6635	0.1933	1.1309	-0.2088	38.3099	192.8289	126.6557	-0.2504	0.2374	1.9918	True	True	-0.008	-0.0077	0.0221	-0.1208	0.1229	0.985	52	52	1	1	0.5316	0.7191	0	0.5316	0.7191	0	-0.1251	0.1196	-0.9849	0	True	0.3177	0.0114	0.9193	0	184.7864	0	0.3837	1.4269	0.6665	0.1442	1.406	0.799	0.8138	0.9637	0.9434	0.9101	1.0458	1.0378
Boxe_EPreN4_VR_Testing_N1_S8_D	White_Man	1.1	0.3289	1.5514	-0.1391	16.0309	6.454	348.3433	0.2701	1.2528	-0.2227	4.5849	243.5787	319.6704	0.1933	1.1281	-0.2112	38.8251	193.199	126.8422	-0.2575	0.2387	1.9909	True	True	-0.008	-0.0077	0.0221	-0.1294	0.1239	0.9838	52	52	1	1	0.5295	0.7192	0	0.5295	0.7192	0	-0.1337	0.1205	-0.9837	0	True	0.3177	0.0114	0.9193	0	184.7864	0	0.3836	1.4269	0.6665	0.1441	1.406	0.7988	0.817	0.9669	0.9465	0.9131	1.0487	1.0406
Boxe_EPreN4_VR_Testing_N1_S8_D	White_Man	1.12	0.3295	1.5477	-0.1449	15.7793	6.576	348.5138	0.269	1.2501	-0.2283	4.6047	243.8319	319.7254	0.1933	1.1227	-0.2155	39.3981	193.7197	126.9699	-0.2639	0.2419	1.9898	True	True	-0.0081	-0.0077	0.0221	-0.1321	0.1267	0.9831	52	52	1	1	0.5279	0.7191	0	0.5279	0.7191	0	-0.1365	0.1234	-0.9829	0	True	0.3177	0.0112	0.9193	0	184.7864	0	0.3833	1.4272	0.6663	0.1438	1.4059	0.7985	0.8219	0.9719	0.9521	0.9191	1.054	1.046
Boxe_EPreN4_VR_Testing_N1_S8_D	White_Man	1.14	0.3296	1.5461	-0.1475	15.6529	6.561	348.749	0.2683	1.2488	-0.2309	4.5805	243.8638	319.7948	0.1933	1.1204	-0.2171	39.4094	193.7073	126.8923	-0.2688	0.2482	1.9884	True	True	-0.0081	-0.0076	0.0221	-0.1336	0.1316	0.9823	52	52	1	1	0.528	0.7188	0	0.528	0.7188	0	-0.138	0.1283	-0.9821	0	True	0.3177	0.0111	0.9193	0	184.7864	0	0.3832	1.4274	0.6663	0.1437	1.406	0.7983	0.8242	0.9741	0.9543	0.922	1.056	1.0486
Boxe_EPreN4_VR_Testing_N1_S8_D	White_Man	1.159999	0.3297	1.5447	-0.1497	15.5754	6.5012	348.8587	0.2671	1.2462	-0.2333	4.5085	243.7625	319.8962	0.1934	1.1176	-0.2186	39.218	193.675	126.8744	-0.27	0.2483	1.9883	True	True	-0.0081	-0.0076	0.0221	-0.1318	0.128	0.983	52	52	1	1	0.5266	0.7191	0	0.5266	0.7191	0	-0.1362	0.1247	-0.9828	0	True	0.3177	0.0111	0.9193	0	184.7864	0	0.3831	1.4275	0.6662	0.1436	1.4061	0.7982	0.826	0.9759	0.9565	0.9248	1.0581	1.051
Boxe_EPreN4_VR_Testing_N1_S8_D	White_Man	1.179999	0.33	1.5423	-0.1531	15.4891	6.3285	348.809	0.2664	1.2427	-0.2365	4.2986	243.2364	319.95	0.1937	1.1142	-0.2215	38.7834	193.6066	126.9856	-0.2689	0.2468	1.9886	True	True	-0.0081	-0.0076	0.0221	-0.1296	0.1264	0.9835	52	52	1	1	0.5275	0.7187	0	0.5275	0.7187	0	-0.134	0.123	-0.9833	0	True	0.3177	0.011	0.9193	0	184.7864	0	0.3833	1.4277	0.666	0.144	1.4064	0.7978	0.8288	0.9784	0.9601	0.9287	1.0615	1.0543
Boxe_EPreN4_VR_Testing_N1_S8_D	White_Man	1.199999	0.3301	1.5409	-0.1548	15.4869	6.1867	348.7076	0.2659	1.241	-0.2375	4.1647	242.9682	319.9381	0.1936	1.113	-0.223	38.7058	193.6074	127.0527	-0.2682	0.246	1.9888	True	True	-0.0081	-0.0076	0.0221	-0.1296	0.1264	0.9835	52	52	1	1	0.5275	0.7187	0	0.5275	0.7187	0	-0.134	0.123	-0.9833	0	True	0.3177	0.0111	0.9193	0	184.7864	0	0.3837	1.4277	0.6659	0.1444	1.4067	0.7975	0.8302	0.9795	0.9619	0.9299	1.0631	1.0552
Boxe_EPreN4_VR_Testing_N1_S8_D	White_Man	1.219999	0.3304	1.5388	-0.157	15.4933	5.8701	348.5246	0.2653	1.2393	-0.2386	3.9044	242.6125	319.9187	0.1927	1.1111	-0.2266	38.9556	194.0905	127.5713	-0.2704	0.2495	1.9879	True	True	-0.0054	-0.0076	0.0221	-0.1339	0.1307	0.9823	52	52	1	1	0.5278	0.7186	0	0.5278	0.7186	0	-0.137	0.1274	-0.9823	0	True	0.3177	0.0113	0.9193	0	184.7864	0	0.3843	1.4277	0.6655	0.1451	1.4072	0.7968	0.8316	0.9805	0.9658	0.9312	1.0665	1.0559
Boxe_EPreN4_VR_Testing_N1_S8_D	White_Man	1.239999	0.3306	1.5377	-0.1576	15.47	5.7465	348.4659	0.2651	1.2386	-0.2393	3.8826	242.5761	319.889	0.192	1.1105	-0.2279	39.4424	194.7186	127.8883	-0.2692	0.2521	1.9876	True	True	-0.0047	-0.0076	0.022	-0.1315	0.1314	0.9826	52	52	1	1	0.5285	0.7187	0	0.5285	0.7187	0	-0.1342	0.1282	-0.9826	0	True	0.3177	0.0114	0.9193	0	184.7864	0	0.3845	1.4277	0.6653	0.1453	1.4074	0.7965	0.832	0.9807	0.9672	0.9318	1.0675	1.0563
Boxe_EPreN4_VR_Testing_N1_S8_D	White_Man	1.259999	0.3311	1.536	-0.1588	15.3762	5.6057	348.4574	0.2651	1.2378	-0.2407	3.8461	242.4366	319.8805	0.1906	1.1109	-0.2297	39.7033	195.2686	127.6927	-0.2626	0.2531	1.9882	True	True	-0.0046	-0.0076	0.022	-0.1247	0.1311	0.9835	52	52	1	1	0.5315	0.7192	0	0.5315	0.7192	0	-0.1274	0.1278	-0.9836	0	True	0.3177	0.0116	0.9193	0	184.7864	0	0.3851	1.4277	0.6647	0.1459	1.4079	0.7957	0.8324	0.9807	0.9687	0.9329	1.0685	1.057
Boxe_EPreN4_VR_Testing_N1_S8_D	White_Man	1.279999	0.3312	1.5351	-0.1593	15.3459	5.576	348.4071	0.2653	1.2373	-0.2412	3.8424	242.3683	319.9563	0.1902	1.1114	-0.2304	39.4298	195.163	127.4434	-0.2589	0.2537	1.9885	True	True	-0.0046	-0.0076	0.022	-0.1247	0.1311	0.9835	52	52	1	1	0.5315	0.7192	0	0.5315	0.7192	0	-0.1274	0.1278	-0.9836	0	True	0.3177	0.0117	0.9193	0	184.7864	0	0.3854	1.4277	0.6645	0.1461	1.4081	0.7953	0.8325	0.9806	0.9689	0.9332	1.0686	1.0572
Boxe_EPreN4_VR_Testing_N1_S8_D	White_Man	1.299999	0.3313	1.5342	-0.1596	15.3515	5.5295	348.2864	0.2652	1.2362	-0.2415	3.8276	242.3207	320.0643	0.1899	1.1116	-0.2303	39.031	195.0557	127.1372	-0.2558	0.2564	1.9886	True	True	-0.0046	-0.0076	0.022	-0.1236	0.1337	0.9833	52	52	1	1	0.5318	0.7173	0	0.5318	0.7173	0	-0.1262	0.1305	-0.9834	0	True	0.3177	0.0119	0.9193	0	184.7864	0	0.3857	1.4277	0.6641	0.1464	1.4084	0.7948	0.8324	0.9802	0.9687	0.9334	1.0681	1.0572
Boxe_EPreN4_VR_Testing_N1_S8_D	White_Man	1.319999	0.3315	1.5327	-0.1598	15.4201	5.3923	348.1156	0.2647	1.2347	-0.241	3.7122	242.1143	320.2594	0.1893	1.1114	-0.2301	38.2332	194.7427	126.8312	-0.2531	0.2564	1.9889	True	True	-0.0045	-0.0076	0.022	-0.1226	0.132	0.9836	52	52	1	1	0.5317	0.7188	0	0.5317	0.7188	0	-0.1252	0.1288	-0.9837	0	True	0.3177	0.0121	0.9193	0	184.7864	0	0.3862	1.4277	0.6634	0.147	1.409	0.7938	0.8317	0.9792	0.9681	0.9328	1.0671	1.056
Boxe_EPreN4_VR_Testing_N1_S8_D	White_Man	1.339999	0.3317	1.5322	-0.1596	15.4836	5.2761	348.0887	0.2642	1.234	-0.2405	3.6151	241.8902	320.304	0.1889	1.111	-0.2295	38.2591	194.6935	126.867	-0.2502	0.2574	1.9891	True	True	-0.0043	-0.0076	0.022	-0.1211	0.1332	0.9837	52	52	1	1	0.5318	0.7185	0	0.5318	0.7185	0	-0.1236	0.1299	-0.9838	0	True	0.3177	0.0122	0.9193	0	184.7864	0	0.3863	1.4277	0.6632	0.1472	1.4092	0.7935	0.8312	0.9786	0.9675	0.9323	1.0664	1.0553
Boxe_EPreN4_VR_Testing_N1_S8_D	White_Man	1.359999	0.3323	1.5312	-0.1592	15.588	5.1148	348.0519	0.2634	1.2332	-0.2397	3.4636	241.4012	320.3289	0.1877	1.1098	-0.2276	38.4549	194.5989	126.9483	-0.2474	0.2615	1.9889	True	True	-0.0043	-0.0076	0.022	-0.1197	0.1373	0.9833	52	52	1	1	0.5317	0.7181	0	0.5317	0.7181	0	-0.1222	0.1341	-0.9834	0	True	0.3177	0.0126	0.9193	0	184.7864	0	0.3869	1.4273	0.6625	0.1481	1.41	0.7927	0.83	0.9771	0.9658	0.9311	1.0643	1.0537
Boxe_EPreN4_VR_Testing_N1_S8_D	White_Man	1.379999	0.3326	1.5309	-0.1588	15.6129	5.1028	347.9991	0.263	1.2335	-0.239	3.4691	241.331	320.3547	0.1872	1.1093	-0.2267	38.6709	194.5519	127.0788	-0.2461	0.2677	1.9881	True	True	-0.004	-0.0076	0.022	-0.1202	0.142	0.9825	52	52	1	1	0.5334	0.7171	0	0.5334	0.7171	0	-0.1226	0.1388	-0.9827	0	True	0.3177	0.0128	0.9193	0	184.7864	0	0.3872	1.4271	0.6622	0.1486	1.4103	0.7924	0.8293	0.9762	0.965	0.9301	1.0633	1.0527
Boxe_EPreN4_VR_Testing_N1_S8_D	White_Man	1.399999	0.333	1.5305	-0.158	15.6335	5.1821	347.8262	0.2627	1.2337	-0.238	3.3955	241.0772	320.4497	0.1861	1.1069	-0.2256	38.9316	194.5132	127.4214	-0.2482	0.2739	1.987	True	True	-0.004	-0.0076	0.022	-0.1235	0.1451	0.9817	52	52	1	1	0.5334	0.7158	0	0.5334	0.7158	0	-0.1259	0.1419	-0.9818	0	True	0.3177	0.013	0.9193	0	184.7864	0	0.3875	1.4268	0.6618	0.1493	1.4111	0.7918	0.8282	0.9747	0.9646	0.9288	1.0625	1.0511
Boxe_EPreN4_VR_Testing_N1_S8_D	White_Man	1.419999	0.3331	1.5303	-0.1576	15.6406	5.2435	347.76	0.2626	1.2341	-0.2374	3.3522	240.9999	320.4965	0.1857	1.1069	-0.2247	39.0003	194.4964	127.5738	-0.2487	0.2779	1.9863	True	True	-0.0043	-0.0076	0.022	-0.1225	0.1456	0.9817	52	52	1	1	0.5336	0.7161	0	0.5336	0.7161	0	-0.1251	0.1425	-0.9819	0	True	0.3177	0.013	0.9193	0	184.7864	0	0.3875	1.4269	0.6617	0.1495	1.4113	0.7916	0.8276	0.9741	0.9638	0.928	1.0616	1.0502
Boxe_EPreN4_VR_Testing_N1_S8_D	White_Man	1.439999	0.3334	1.5304	-0.1565	15.6373	5.2789	347.7677	0.2622	1.2347	-0.2357	3.2617	240.9306	320.6416	0.185	1.1076	-0.2233	39.0134	194.3836	127.8588	-0.2507	0.2824	1.9851	True	True	0.0028	-0.0075	0.0219	-0.1281	0.1481	0.9806	52	52	1	1	0.5334	0.7163	0	0.5334	0.7163	0	-0.1272	0.145	-0.9812	0	True	0.3177	0.0129	0.9193	0	184.7864	0	0.3876	1.4272	0.6616	0.1501	1.4118	0.7912	0.8264	0.9726	0.9624	0.9262	1.0597	1.0481
Boxe_EPreN4_VR_Testing_N1_S8_D	White_Man	1.459999	0.3337	1.5306	-0.1558	15.5972	5.2653	347.8253	0.2618	1.2346	-0.2349	3.2351	240.9129	320.7007	0.1846	1.1086	-0.223	38.9929	194.3263	127.9264	-0.2522	0.2837	1.9844	True	True	0.0028	-0.0075	0.0219	-0.1285	0.1465	0.9808	52	52	1	1	0.5322	0.7179	0	0.5322	0.7179	0	-0.1277	0.1435	-0.9814	0	True	0.3177	0.0129	0.9193	0	184.7864	0	0.3877	1.4273	0.6616	0.1504	1.4121	0.7912	0.8256	0.9718	0.9619	0.9255	1.0592	1.0472
Boxe_EPreN4_VR_Testing_N1_S8_D	White_Man	1.479999	0.3339	1.5309	-0.1551	15.5272	5.2592	347.8973	0.2616	1.2347	-0.234	3.2209	240.9001	320.7466	0.1844	1.1095	-0.2223	38.9976	194.2498	127.9186	-0.2543	0.2851	1.9838	True	True	0.0025	-0.0075	0.0219	-0.1298	0.1474	0.9805	52	52	1	1	0.5317	0.7175	0	0.5317	0.7175	0	-0.1291	0.1443	-0.9811	0	True	0.3177	0.0128	0.9193	0	184.7864	0	0.3877	1.4276	0.6616	0.1507	1.4124	0.7911	0.8249	0.9711	0.9611	0.9247	1.0582	1.0463
Boxe_EPreN4_VR_Testing_N1_S8_D	White_Man	1.499999	0.3343	1.5315	-0.1538	15.3273	5.2727	347.9109	0.2616	1.2348	-0.232	3.2148	240.8928	320.857	0.1845	1.1116	-0.2208	38.9154	193.9192	127.767	-0.2572	0.2888	1.9829	True	True	0.0017	-0.0075	0.022	-0.1314	0.1507	0.9798	52	52	1	1	0.5323	0.7162	0	0.5323	0.7162	0	-0.1311	0.1476	-0.9803	0	True	0.3177	0.0126	0.9193	0	184.7864	0	0.3879	1.4281	0.6616	0.1513	1.413	0.7912	0.8236	0.9698	0.9592	0.9229	1.0564	1.0444
Boxe_EPreN4_VR_Testing_N1_S8_D	White_Man	1.519999	0.3344	1.5316	-0.1531	15.2285	5.2655	347.8741	0.2617	1.2348	-0.2309	3.2195	240.8892	320.913	0.1846	1.1121	-0.2199	38.8218	193.7013	127.6881	-0.2578	0.2859	1.9833	True	True	0.0011	-0.0075	0.0219	-0.1299	0.1447	0.9809	52	52	1	1	0.532	0.7169	0	0.532	0.7169	0	-0.1299	0.1416	-0.9814	0	True	0.3177	0.0124	0.9193	0	184.7864	0	0.388	1.4284	0.6617	0.1515	1.4133	0.7914	0.823	0.9692	0.9584	0.9221	1.0557	1.0436
Boxe_EPreN4_VR_Testing_N1_S8_D	White_Man	1.539999	0.3347	1.5321	-0.1517	15.0986	5.1906	347.7444	0.2617	1.235	-0.2289	3.2008	240.8555	320.9926	0.1847	1.112	-0.2186	38.7882	193.4527	127.6167	-0.2522	0.2792	1.9849	True	True	0.0009	-0.0075	0.0219	-0.1228	0.1387	0.9827	52	52	1	1	0.5329	0.7182	0	0.5329	0.7182	0	-0.1228	0.1356	-0.9831	0	True	0.3177	0.0118	0.9193	0	184.7864	0	0.3883	1.4294	0.6621	0.1522	1.4141	0.7919	0.8221	0.9683	0.958	0.9207	1.0552	1.0421
Boxe_EPreN4_VR_Testing_N1_S8_D	White_Man	1.559999	0.335	1.5323	-0.151	15.0796	5.1549	347.6504	0.2615	1.235	-0.228	3.1903	240.8353	321.0339	0.1848	1.1129	-0.2176	38.7138	193.4443	127.6518	-0.2496	0.2765	1.9857	True	True	0.0006	-0.0075	0.0219	-0.1234	0.1402	0.9824	52	52	1	1	0.5318	0.7188	0	0.5318	0.7188	0	-0.1236	0.137	-0.9828	0	True	0.3177	0.0117	0.9193	0	184.7864	0	0.3883	1.4297	0.662	0.1523	1.4143	0.7919	0.8212	0.9676	0.9568	0.9198	1.0539	1.0412
Boxe_EPreN4_VR_Testing_N1_S8_D	White_Man	1.579999	0.3356	1.5328	-0.1497	15.0744	5.1938	347.5262	0.2609	1.2351	-0.2264	3.1801	240.7106	321.0594	0.1847	1.1124	-0.216	38.634	193.3489	127.6856	-0.2402	0.2663	1.9883	True	True	-0.0006	-0.0076	0.0219	-0.1136	0.1302	0.985	52	52	1	1	0.5338	0.7206	0	0.5338	0.7206	0	-0.1144	0.127	-0.9853	0	True	0.3177	0.0117	0.9193	0	184.7864	0	0.3883	1.4302	0.6619	0.1527	1.4146	0.7917	0.8197	0.9662	0.9556	0.9184	1.0525	1.0394
Boxe_EPreN4_VR_Testing_N1_S8_D	White_Man	1.599999	0.3358	1.533	-0.149	15.1292	5.2485	347.4802	0.2606	1.2353	-0.2257	3.1826	240.6349	321.0623	0.1846	1.111	-0.2154	38.5489	193.4579	127.7358	-0.2365	0.2554	1.9903	True	True	-0.0022	-0.0076	0.0219	-0.1147	0.1246	0.9856	52	52	1	1	0.5339	0.7209	0	0.5339	0.7209	0	-0.1162	0.1213	-0.9858	0	True	0.3177	0.0116	0.9193	0	184.7864	0	0.3884	1.4304	0.6619	0.153	1.4148	0.7917	0.8191	0.9656	0.9557	0.9178	1.0524	1.0388
Boxe_EPreN4_VR_Testing_N1_S8_D	White_Man	1.619999	0.3365	1.5336	-0.1479	15.2977	5.4171	347.3857	0.2602	1.236	-0.2243	3.1225	240.4069	321.0634	0.1847	1.1083	-0.2144	38.2443	193.5605	127.958	-0.2333	0.2518	1.9913	True	True	-0.0032	-0.0076	0.0219	-0.113	0.1274	0.9854	52	52	1	1	0.5338	0.7206	0	0.5338	0.7206	0	-0.115	0.1241	-0.9856	0	True	0.3177	0.0115	0.9193	0	184.7864	0	0.3884	1.4309	0.6621	0.1536	1.4153	0.7917	0.8181	0.9645	0.9559	0.9166	1.0523	1.0372
Boxe_EPreN4_VR_Testing_N1_S8_D	White_Man	1.639999	0.3368	1.5341	-0.1472	15.3688	5.5373	347.4241	0.2603	1.2364	-0.2235	3.0585	240.3301	321.0656	0.1846	1.107	-0.2139	38.2186	193.6035	128.0265	-0.2318	0.2474	1.9922	True	True	-0.0038	-0.0076	0.0219	-0.113	0.1247	0.9857	52	52	1	1	0.5338	0.7207	0	0.5338	0.7207	0	-0.1153	0.1214	-0.9859	0	True	0.3177	0.0115	0.9193	0	184.7864	0	0.3884	1.431	0.6621	0.1538	1.4154	0.7916	0.8175	0.9638	0.9559	0.9157	1.0522	1.0363
Boxe_EPreN4_VR_Testing_N1_S8_D	White_Man	1.659999	0.3375	1.5349	-0.1459	15.3896	5.7959	347.4717	0.2603	1.2367	-0.2222	2.9537	240.2608	321.0755	0.1842	1.1073	-0.2128	38.5657	194.2022	128.5894	-0.24	0.2504	1.9909	True	True	-0.0023	-0.0076	0.0219	-0.1246	0.131	0.9835	52	52	1	1	0.5307	0.7184	0	0.5307	0.7184	0	-0.1262	0.1277	-0.9838	0	True	0.3177	0.0117	0.9193	0	184.7864	0	0.3881	1.431	0.6619	0.1543	1.4156	0.7913	0.8161	0.9624	0.9547	0.9142	1.0508	1.0346
Boxe_EPreN4_VR_Testing_N1_S8_D	White_Man	1.679999	0.3379	1.5353	-0.1453	15.3517	5.91	347.4781	0.2604	1.2368	-0.2215	2.9298	240.2865	321.071	0.184	1.1078	-0.2123	39.0143	194.8988	129.0246	-0.2447	0.2521	1.9901	True	True	-0.0023	-0.0076	0.0219	-0.1246	0.131	0.9835	52	52	1	1	0.5307	0.7184	0	0.5307	0.7184	0	-0.1262	0.1277	-0.9838	0	True	0.3177	0.0117	0.9193	0	184.7864	0	0.388	1.431	0.6619	0.1545	1.4157	0.7912	0.8155	0.9618	0.9541	0.9135	1.05	1.0338
Boxe_EPreN4_VR_Testing_N1_S8_D	White_Man	1.699999	0.3383	1.5356	-0.1447	15.2893	6.0171	347.466	0.2605	1.237	-0.2208	2.9246	240.3802	321.0564	0.1839	1.1097	-0.212	39.2519	195.412	129.2055	-0.2487	0.2474	1.9901	True	True	-0.0015	-0.0076	0.0219	-0.1265	0.1245	0.9841	52	52	1	1	0.5302	0.7207	0	0.5302	0.7207	0	-0.1277	0.1212	-0.9844	0	True	0.3177	0.0117	0.9193	0	184.7864	0	0.388	1.431	0.662	0.1548	1.4158	0.7912	0.8149	0.9611	0.9534	0.9128	1.0493	1.033
Boxe_EPreN4_VR_Testing_N1_S8_D	White_Man	1.719999	0.3391	1.5361	-0.1434	15.23	6.1988	347.4023	0.2614	1.2379	-0.2191	2.932	240.6489	321.0363	0.184	1.1134	-0.2111	38.836	195.3324	128.7983	-0.2586	0.2467	1.9888	True	True	0.0005	-0.0076	0.0219	-0.1363	0.1267	0.9825	52	52	1	1	0.5283	0.7209	0	0.5283	0.7209	0	-0.1366	0.1235	-0.9829	0	True	0.3177	0.012	0.9193	0	184.7864	0	0.3878	1.4307	0.662	0.1555	1.416	0.7908	0.8137	0.9596	0.951	0.9108	1.047	1.031
Boxe_EPreN4_VR_Testing_N1_S8_D	White_Man	1.739999	0.3394	1.5364	-0.1428	15.2381	6.2717	347.3689	0.2621	1.2388	-0.2182	2.9131	240.7919	321.0653	0.1844	1.1152	-0.2099	38.3308	195.1622	128.4125	-0.2678	0.2531	1.9867	True	True	0.0009	-0.0076	0.0219	-0.1405	0.1349	0.9809	52	52	1	1	0.5282	0.7223	0	0.5282	0.7223	0	-0.1406	0.1317	-0.9813	0	True	0.3177	0.0123	0.9193	0	184.7864	0	0.3877	1.4305	0.6618	0.1558	1.416	0.7905	0.8129	0.9588	0.9491	0.9093	1.0451	1.0297
Boxe_EPreN4_VR_Testing_N1_S8_D	White_Man	1.759999	0.3402	1.5367	-0.1414	15.2874	6.3829	347.3296	0.263	1.2401	-0.2163	2.8569	240.9812	321.1017	0.1854	1.1183	-0.2078	37.4447	194.6371	127.9047	-0.2774	0.253	1.9853	True	True	0.0009	-0.0076	0.0219	-0.1455	0.1302	0.9808	52	52	1	1	0.527	0.7246	0	0.527	0.7246	0	-0.1456	0.127	-0.9812	0	True	0.3177	0.0125	0.9193	0	184.7864	0	0.3876	1.4302	0.6618	0.1565	1.4161	0.7902	0.8117	0.9572	0.9457	0.9071	1.0419	1.0273
Boxe_EPreN4_VR_Testing_N1_S8_D	White_Man	1.779999	0.3406	1.5369	-0.1408	15.3318	6.4341	347.3141	0.2629	1.2401	-0.2157	2.8486	241.0539	321.1125	0.1859	1.1191	-0.2067	37.4133	194.5364	127.8463	-0.2846	0.2551	1.984	True	True	0.0006	-0.0077	0.0219	-0.1473	0.1328	0.9801	52	52	1	1	0.5269	0.7247	0	0.5269	0.7247	0	-0.1475	0.1296	-0.9805	0	True	0.3177	0.0125	0.9193	0	184.7864	0	0.3876	1.4302	0.662	0.1568	1.4161	0.7901	0.8112	0.9566	0.9445	0.9066	1.0406	1.0266
Boxe_EPreN4_VR_Testing_N1_S8_D	White_Man	1.799999	0.3413	1.5373	-0.1396	15.4452	6.5461	347.2298	0.2627	1.2401	-0.2145	2.8231	241.1786	321.1292	0.1862	1.1189	-0.2047	37.5697	194.6418	127.9305	-0.2901	0.2545	1.9834	True	True	-0.0007	-0.0077	0.0219	-0.1482	0.1307	0.9803	52	52	1	1	0.5265	0.7247	0	0.5265	0.7247	0	-0.1491	0.1274	-0.9806	0	True	0.3177	0.0125	0.9193	0	184.7864	0	0.3875	1.4301	0.6622	0.1571	1.4162	0.7901	0.8102	0.9554	0.9428	0.9057	1.0386	1.0254
Boxe_EPreN4_VR_Testing_N1_S8_D	White_Man	1.819999	0.3416	1.5375	-0.1389	15.4868	6.5962	347.2156	0.2625	1.2401	-0.214	2.8026	241.2209	321.1268	0.1862	1.1179	-0.2038	37.8015	194.8503	128.0408	-0.2933	0.2535	1.9831	True	True	-0.0013	-0.0077	0.0219	-0.1482	0.1299	0.9804	52	52	1	1	0.5262	0.7246	0	0.5262	0.7246	0	-0.1494	0.1266	-0.9806	0	True	0.3177	0.0124	0.9193	0	184.7864	0	0.3874	1.4301	0.6623	0.1571	1.4162	0.7901	0.8097	0.9549	0.9424	0.9053	1.0381	1.0248
Boxe_EPreN4_VR_Testing_N1_S8_D	White_Man	1.839999	0.3422	1.5378	-0.1378	15.4782	6.6509	347.1785	0.2624	1.2405	-0.2127	2.716	241.2762	321.1274	0.1862	1.1166	-0.2023	38.5581	195.5016	128.4257	-0.2951	0.2533	1.9829	True	True	-0.0017	-0.0077	0.0219	-0.1479	0.1304	0.9804	52	52	1	1	0.526	0.7243	0	0.526	0.7243	0	-0.1493	0.1271	-0.9806	0	True	0.3177	0.0121	0.9193	0	184.7864	0	0.3871	1.4303	0.6626	0.1571	1.4163	0.7903	0.8088	0.9542	0.9417	0.9043	1.0372	1.0237
Boxe_EPreN4_VR_Testing_N1_S8_D	White_Man	1.859999	0.3426	1.5378	-0.1372	15.4475	6.6687	347.1464	0.2627	1.241	-0.2119	2.6718	241.2851	321.1255	0.186	1.1148	-0.2024	38.7746	195.6411	128.5718	-0.2963	0.2521	1.983	True	True	-0.0017	-0.0077	0.0219	-0.1481	0.129	0.9805	52	52	1	1	0.5257	0.7241	0	0.5257	0.7241	0	-0.1494	0.1258	-0.9807	0	True	0.3177	0.012	0.9193	0	184.7864	0	0.3872	1.4303	0.6627	0.1571	1.4164	0.7904	0.8082	0.9537	0.9426	0.9035	1.038	1.023
Boxe_EPreN4_VR_Testing_N1_S8_D	White_Man	1.879999	0.3429	1.5379	-0.1366	15.426	6.6846	347.1435	0.2628	1.2413	-0.2113	2.6385	241.2993	321.1242	0.1861	1.1144	-0.2019	38.946	195.7945	128.6821	-0.299	0.2526	1.9825	True	True	-0.0014	-0.0077	0.0219	-0.1506	0.1305	0.9799	52	52	1	1	0.5256	0.7238	0	0.5256	0.7238	0	-0.1519	0.1273	-0.9802	0	True	0.3177	0.0119	0.9193	0	184.7864	0	0.3873	1.4303	0.6628	0.1572	1.4165	0.7906	0.8078	0.9533	0.9423	0.9029	1.0378	1.0225
Boxe_EPreN4_VR_Testing_N1_S8_D	White_Man	1.899999	0.3434	1.5381	-0.1356	15.3857	6.6972	347.0818	0.2632	1.2416	-0.2101	2.6012	241.3687	321.1462	0.186	1.1151	-0.2018	38.8818	195.833	128.7164	-0.3001	0.2533	1.9821	True	True	0.0001	-0.0076	0.0219	-0.1508	0.131	0.9798	52	52	1	1	0.5255	0.7238	0	0.5255	0.7238	0	-0.1514	0.1277	-0.9802	0	True	0.3177	0.0115	0.9193	0	184.7864	0	0.3875	1.4306	0.6631	0.1571	1.4167	0.7909	0.807	0.9528	0.9424	0.902	1.0379	1.0218
Boxe_EPreN4_VR_Testing_N1_S8_D	White_Man	1.919999	0.3437	1.5381	-0.135	15.3819	6.6969	347.0561	0.2633	1.2416	-0.2097	2.5863	241.3881	321.1677	0.186	1.1156	-0.2017	38.8322	195.864	128.7245	-0.3009	0.2532	1.9819	True	True	0.0003	-0.0076	0.0219	-0.1512	0.1303	0.9799	52	52	1	1	0.5254	0.7238	0	0.5254	0.7238	0	-0.1516	0.1271	-0.9802	0	True	0.3177	0.0114	0.9193	0	184.7864	0	0.3876	1.4308	0.6632	0.157	1.4167	0.7911	0.8066	0.9525	0.9423	0.9018	1.0378	1.0216
Boxe_EPreN4_VR_Testing_N1_S8_D	White_Man	1.939999	0.3441	1.5382	-0.1341	15.4156	6.6699	347.0057	0.2633	1.2411	-0.2095	2.5672	241.3927	321.1892	0.186	1.1161	-0.2015	38.6576	195.8062	128.6384	-0.3026	0.2525	1.9817	True	True	0.0003	-0.0076	0.0219	-0.1526	0.1295	0.9798	52	52	1	1	0.5247	0.724	0	0.5247	0.724	0	-0.153	0.1263	-0.9801	0	True	0.3177	0.0109	0.9193	0	184.7864	0	0.3877	1.4313	0.6636	0.1569	1.4168	0.7914	0.806	0.952	0.9426	0.9022	1.0378	1.0217
Boxe_EPreN4_VR_Testing_N1_S8_D	White_Man	1.959999	0.3444	1.5382	-0.1336	15.4557	6.6463	346.9765	0.2633	1.2407	-0.2094	2.5604	241.3882	321.1891	0.186	1.116	-0.2013	38.5841	195.7915	128.5911	-0.3054	0.2518	1.9814	True	True	0.0005	-0.0076	0.0219	-0.1548	0.1293	0.9795	52	52	1	1	0.524	0.7241	0	0.524	0.7241	0	-0.1552	0.126	-0.9798	0	True	0.3177	0.0108	0.9193	0	184.7864	0	0.3878	1.4316	0.6638	0.1568	1.4169	0.7915	0.8058	0.9517	0.9427	0.9025	1.0378	1.0218
Boxe_EPreN4_VR_Testing_N1_S8_D	White_Man	1.979999	0.3447	1.5382	-0.1333	15.4952	6.6354	346.9705	0.2632	1.2402	-0.2095	2.5563	241.3902	321.1741	0.1859	1.1159	-0.2011	38.5342	195.8228	128.5501	-0.3077	0.2509	1.9811	True	True	0.0007	-0.0076	0.0219	-0.1557	0.1287	0.9794	52	52	1	1	0.5239	0.7243	0	0.5239	0.7243	0	-0.156	0.1255	-0.9798	0	True	0.3177	0.0106	0.9193	0	184.7864	0	0.3878	1.4318	0.6641	0.1568	1.4169	0.7916	0.8056	0.9515	0.9428	0.9029	1.0376	1.022
Boxe_EPreN4_VR_Testing_N1_S8_D	White_Man	1.999999	0.3451	1.5383	-0.1326	15.5704	6.5967	346.971	0.2631	1.2396	-0.2091	2.59	241.3911	321.1369	0.1857	1.1157	-0.2003	38.5812	196.0441	128.5371	-0.3108	0.2509	1.9806	True	True	0.0011	-0.0076	0.0219	-0.158	0.1292	0.9789	52	52	1	1	0.5237	0.7246	0	0.5237	0.7246	0	-0.1581	0.126	-0.9794	0	True	0.3177	0.0105	0.9193	0	184.7864	0	0.3879	1.432	0.6644	0.1567	1.417	0.7915	0.8052	0.9509	0.9427	0.9031	1.0369	1.0217
Boxe_EPreN4_VR_Testing_N1_S8_D	White_Man	2.019999	0.3453	1.5383	-0.1323	15.5992	6.5668	346.9623	0.2634	1.2399	-0.2087	2.5953	241.3803	321.1239	0.1857	1.116	-0.1997	38.6523	196.1264	128.5349	-0.3118	0.2506	1.9804	True	True	0.001	-0.0076	0.0219	-0.1571	0.1289	0.9791	52	52	1	1	0.5237	0.7246	0	0.5237	0.7246	0	-0.1572	0.1257	-0.9795	0	True	0.3177	0.0105	0.9193	0	184.7864	0	0.3879	1.4321	0.6645	0.1566	1.4171	0.7913	0.8049	0.9504	0.9422	0.9027	1.0362	1.0212
Boxe_EPreN4_VR_Testing_N1_S8_D	White_Man	2.039999	0.3457	1.5382	-0.1318	15.5994	6.5238	346.9406	0.264	1.2405	-0.2079	2.5935	241.3201	321.1401	0.1861	1.1163	-0.1982	38.7836	196.2018	128.5816	-0.3132	0.25	1.9803	True	True	0.0007	-0.0076	0.0219	-0.1579	0.1284	0.9791	52	52	1	1	0.5236	0.7246	0	0.5236	0.7246	0	-0.1581	0.1252	-0.9795	0	True	0.3177	0.0105	0.9193	0	184.7864	0	0.3878	1.4323	0.6644	0.1564	1.4171	0.7907	0.8043	0.9495	0.9406	0.9017	1.0341	1.0198
Boxe_EPreN4_VR_Testing_N1_S8_D	White_Man	2.059999	0.3459	1.5381	-0.1316	15.5769	6.4932	346.9323	0.264	1.2406	-0.2077	2.5679	241.2673	321.1625	0.1862	1.1152	-0.198	38.9159	196.1392	128.6499	-0.3148	0.2506	1.9799	True	True	0.0007	-0.0076	0.0219	-0.1588	0.1296	0.9788	52	52	1	1	0.5232	0.7241	0	0.5232	0.7241	0	-0.1591	0.1264	-0.9791	0	True	0.3177	0.0106	0.9193	0	184.7864	0	0.3877	1.4323	0.6643	0.1563	1.4171	0.7904	0.804	0.949	0.9406	0.9014	1.0339	1.0193
Boxe_EPreN4_VR_Testing_N1_S8_D	White_Man	2.079999	0.3464	1.5381	-0.1313	15.5263	6.4108	346.898	0.2643	1.2407	-0.2073	2.5221	241.135	321.1912	0.1867	1.1141	-0.1968	39.1267	196.0654	128.7801	-0.3163	0.2511	1.9796	True	True	0.0007	-0.0076	0.0219	-0.1595	0.1297	0.9786	52	52	1	1	0.5231	0.7241	0	0.5231	0.7241	0	-0.1598	0.1265	-0.979	0	True	0.3177	0.0107	0.9193	0	184.7864	0	0.3875	1.4323	0.664	0.1561	1.4171	0.7896	0.8033	0.9481	0.9395	0.9006	1.0323	1.0181
Boxe_EPreN4_VR_Testing_N1_S8_D	White_Man	2.099999	0.3467	1.538	-0.1311	15.4865	6.377	346.8493	0.2643	1.2407	-0.2072	2.5188	241.0934	321.2024	0.187	1.1145	-0.1961	39.2143	195.9792	128.8009	-0.3169	0.2513	1.9795	True	True	0.0008	-0.0076	0.0219	-0.1592	0.1296	0.9787	52	52	1	1	0.5231	0.7241	0	0.5231	0.7241	0	-0.1594	0.1264	-0.9791	0	True	0.3177	0.0108	0.9193	0	184.7864	0	0.3874	1.4323	0.6638	0.156	1.4171	0.7892	0.803	0.9477	0.9384	0.9003	1.0312	1.0177
Boxe_EPreN4_VR_Testing_N1_S8_D	White_Man	2.119999	0.3471	1.5378	-0.1311	15.4334	6.2938	346.7711	0.2649	1.241	-0.2066	2.5158	241.0144	321.2357	0.1876	1.1151	-0.1955	39.393	195.8002	128.8585	-0.3171	0.2513	1.9794	True	True	0.0008	-0.0076	0.0219	-0.1592	0.1295	0.9787	52	52	1	1	0.5231	0.7241	0	0.5231	0.7241	0	-0.1594	0.1262	-0.9791	0	True	0.3177	0.0108	0.9193	0	184.7864	0	0.3872	1.4323	0.6634	0.1558	1.4171	0.7884	0.8025	0.9469	0.9372	0.8992	1.0297	1.0163
Boxe_EPreN4_VR_Testing_N1_S8_D	White_Man	2.139999	0.3474	1.5378	-0.1312	15.454	6.245	346.7286	0.2653	1.2413	-0.2063	2.5014	240.9378	321.2494	0.1877	1.1155	-0.1957	39.3809	195.686	128.866	-0.3159	0.2505	1.9797	True	True	0.0009	-0.0076	0.0219	-0.1575	0.1285	0.9791	52	52	1	1	0.5236	0.7246	0	0.5236	0.7246	0	-0.1577	0.1253	-0.9795	0	True	0.3177	0.0108	0.9193	0	184.7864	0	0.3871	1.4324	0.6633	0.1558	1.4171	0.7881	0.8025	0.9468	0.937	0.8987	1.0294	1.0157
Boxe_EPreN4_VR_Testing_N1_S8_D	White_Man	2.159999	0.3478	1.5378	-0.1313	15.4942	6.215	346.67	0.2655	1.2413	-0.2062	2.4921	240.8861	321.2607	0.1878	1.1157	-0.1961	39.3363	195.6004	128.8482	-0.3152	0.2506	1.9798	True	True	0.0008	-0.0076	0.0219	-0.1575	0.1292	0.979	52	52	1	1	0.5236	0.7246	0	0.5236	0.7246	0	-0.1577	0.126	-0.9794	0	True	0.3177	0.0108	0.9193	0	184.7864	0	0.387	1.4325	0.6632	0.1559	1.4172	0.7877	0.8024	0.9465	0.9373	0.8985	1.0295	1.0153
Boxe_EPreN4_VR_Testing_N1_S8_D	White_Man	2.179999	0.3486	1.538	-0.1316	15.5205	6.2607	346.6479	0.266	1.2413	-0.2061	2.4924	240.8714	321.3039	0.188	1.1158	-0.1965	39.3174	195.5061	128.8531	-0.316	0.2506	1.9797	True	True	0.0007	-0.0076	0.0219	-0.1589	0.1291	0.9788	52	52	1	1	0.523	0.7246	0	0.523	0.7246	0	-0.1592	0.1258	-0.9792	0	True	0.3177	0.0106	0.9193	0	184.7864	0	0.387	1.433	0.663	0.1561	1.4174	0.7872	0.8024	0.9464	0.9374	0.8982	1.0293	1.0147
Boxe_EPreN4_VR_Testing_N1_S8_D	White_Man	2.199999	0.349	1.5382	-0.1318	15.4903	6.3632	346.7038	0.2663	1.2413	-0.2061	2.4935	240.8585	321.3183	0.1882	1.1167	-0.1967	39.3287	195.5032	128.9332	-0.3144	0.2514	1.9798	True	True	0.0009	-0.0076	0.0219	-0.1566	0.1301	0.9791	52	52	1	1	0.5238	0.7241	0	0.5238	0.7241	0	-0.1568	0.1269	-0.9794	0	True	0.3177	0.0105	0.9193	0	184.7864	0	0.387	1.4333	0.6629	0.1563	1.4175	0.7869	0.8025	0.9465	0.9374	0.8981	1.0291	1.0145
Boxe_EPreN4_VR_Testing_N1_S8_D	White_Man	2.219999	0.3499	1.5386	-0.1325	15.3898	6.6164	346.8475	0.2668	1.2409	-0.2062	2.4764	240.7771	321.3849	0.1883	1.1169	-0.197	39.4909	195.5795	128.9882	-0.3136	0.2519	1.9799	True	True	0.001	-0.0076	0.0219	-0.1568	0.1301	0.979	52	52	1	1	0.5238	0.7239	0	0.5238	0.7239	0	-0.1569	0.1269	-0.9794	0	True	0.3177	0.0102	0.9193	0	184.7864	0	0.3869	1.4339	0.6627	0.1568	1.4179	0.7865	0.8029	0.9468	0.9375	0.8981	1.029	1.0144
Boxe_EPreN4_VR_Testing_N1_S8_D	White_Man	2.239999	0.3504	1.5389	-0.1329	15.3408	6.7325	346.9092	0.267	1.2405	-0.2063	2.4484	240.7371	321.4035	0.1885	1.1169	-0.1969	39.5371	195.5626	128.9551	-0.3132	0.2538	1.9797	True	True	0.0014	-0.0076	0.0219	-0.157	0.1321	0.9787	52	52	1	1	0.524	0.7236	0	0.524	0.7236	0	-0.1569	0.1289	-0.9792	0	True	0.3177	0.0101	0.9193	0	184.7864	0	0.3867	1.4342	0.6626	0.157	1.4181	0.7863	0.8032	0.9471	0.9373	0.8982	1.0288	1.0144
Boxe_EPreN4_VR_Testing_N1_S8_D	White_Man	2.259999	0.3514	1.5395	-0.1335	15.2361	6.9272	346.9909	0.2678	1.2402	-0.2059	2.3997	240.6017	321.3983	0.1894	1.1174	-0.1965	39.5077	195.2954	128.9256	-0.3136	0.2518	1.9798	True	True	0.0017	-0.0076	0.0219	-0.158	0.1283	0.9791	52	52	1	1	0.524	0.7236	0	0.524	0.7236	0	-0.1578	0.1251	-0.9795	0	True	0.3177	0.0099	0.9193	0	184.7864	0	0.3866	1.4349	0.6624	0.1574	1.4184	0.786	0.8035	0.9475	0.9367	0.8977	1.028	1.0138
Boxe_EPreN4_VR_Testing_N1_S8_D	White_Man	2.279999	0.352	1.5398	-0.1339	15.1495	7.0147	347.016	0.2683	1.2401	-0.2056	2.4424	240.5538	321.3604	0.1899	1.1174	-0.1961	39.4826	195.1649	128.9642	-0.3139	0.2506	1.9799	True	True	0.0017	-0.0076	0.0219	-0.158	0.1283	0.9791	52	52	1	1	0.524	0.7236	0	0.524	0.7236	0	-0.1578	0.1251	-0.9795	0	True	0.3177	0.0099	0.9193	0	184.7864	0	0.3865	1.4353	0.6622	0.1576	1.4185	0.7858	0.8037	0.9477	0.9362	0.8973	1.0275	1.0134
Boxe_EPreN4_VR_Testing_N1_S8_D	White_Man	2.299999	0.3529	1.5403	-0.1345	14.9854	7.1115	346.9673	0.2691	1.2403	-0.2051	2.6141	240.565	321.2787	0.1907	1.1172	-0.1957	39.5878	195.113	129.1339	-0.3213	0.2502	1.9788	True	True	0.0017	-0.0076	0.0219	-0.1664	0.1287	0.9776	52	52	1	1	0.524	0.7239	0	0.524	0.7239	0	-0.1662	0.1255	-0.9781	0	True	0.3177	0.0097	0.9193	0	184.7864	0	0.3865	1.4361	0.662	0.1577	1.4187	0.7855	0.8039	0.9483	0.9357	0.8967	1.0269	1.0127
Boxe_EPreN4_VR_Testing_N1_S8_D	White_Man	2.319999	0.3535	1.5405	-0.1347	14.9168	7.1272	346.8903	0.2692	1.2403	-0.2051	2.6777	240.6103	321.295	0.1909	1.1168	-0.1958	39.7724	195.129	129.2558	-0.3224	0.2486	1.9788	True	True	0.0017	-0.0076	0.0219	-0.1627	0.1269	0.9785	52	52	1	1	0.524	0.7243	0	0.524	0.7243	0	-0.1626	0.1237	-0.9789	0	True	0.3177	0.0096	0.9193	0	184.7864	0	0.3865	1.4364	0.6619	0.1577	1.4187	0.7854	0.8041	0.9486	0.936	0.8966	1.0272	1.0126
Boxe_EPreN4_VR_Testing_N1_S8_D	White_Man	2.339998	0.3539	1.5407	-0.135	14.8493	7.1529	346.8645	0.2696	1.2405	-0.2052	2.6969	240.622	321.3463	0.1912	1.1167	-0.1957	39.9125	195.1981	129.3061	-0.3225	0.245	1.9793	True	True	0.0005	-0.0077	0.0219	-0.1616	0.1238	0.979	52	52	1	1	0.5238	0.7248	0	0.5238	0.7248	0	-0.162	0.1206	-0.9794	0	True	0.3177	0.0094	0.9193	0	184.7864	0	0.3866	1.4369	0.6619	0.1577	1.4187	0.7854	0.8042	0.9489	0.936	0.8967	1.0271	1.0127
Boxe_EPreN4_VR_Testing_N1_S8_D	White_Man	2.359998	0.3548	1.541	-0.1354	14.7448	7.1914	346.8303	0.2709	1.2416	-0.2053	2.7703	240.7063	321.5075	0.1926	1.1183	-0.195	40.0215	195.1223	129.264	-0.322	0.2419	1.9798	True	True	0.0004	-0.0077	0.0219	-0.1608	0.1227	0.9793	52	52	1	1	0.5238	0.7249	0	0.5238	0.7249	0	-0.1613	0.1194	-0.9797	0	True	0.3177	0.0093	0.9193	0	184.7864	0	0.387	1.4376	0.6618	0.1578	1.4189	0.7854	0.8046	0.9495	0.9348	0.8966	1.026	1.0128
Boxe_EPreN4_VR_Testing_N1_S8_D	White_Man	2.379998	0.3552	1.5412	-0.1356	14.7159	7.1862	346.8468	0.2716	1.2421	-0.2052	2.8347	240.7821	321.5788	0.1934	1.1191	-0.1946	40.0131	194.9678	129.1532	-0.3221	0.239	1.9802	True	True	0.0004	-0.0077	0.0219	-0.1612	0.1214	0.9794	52	52	1	1	0.5234	0.725	0	0.5234	0.725	0	-0.1617	0.1181	-0.9798	0	True	0.3177	0.0092	0.9193	0	184.7864	0	0.3872	1.438	0.6618	0.1579	1.419	0.7854	0.8047	0.9499	0.9342	0.8964	1.0255	1.0127
Boxe_EPreN4_VR_Testing_N1_S8_D	White_Man	2.399998	0.3561	1.5415	-0.1359	14.6806	7.1755	346.8501	0.2726	1.2425	-0.2048	2.8996	240.8675	321.6979	0.1944	1.1198	-0.1945	39.9565	194.7114	129.0257	-0.3232	0.2333	1.9807	True	True	0.0006	-0.0077	0.0219	-0.1627	0.1167	0.9797	52	52	1	1	0.5218	0.7262	0	0.5218	0.7262	0	-0.163	0.1134	-0.9801	0	True	0.3177	0.009	0.9193	0	184.7864	0	0.3873	1.4386	0.6618	0.1578	1.4191	0.7856	0.8049	0.9505	0.9339	0.8959	1.0254	1.0125
Boxe_EPreN4_VR_Testing_N1_S8_D	White_Man	2.419998	0.3565	1.5416	-0.1361	14.6539	7.1708	346.8386	0.273	1.2426	-0.2046	2.9132	240.8712	321.7509	0.1945	1.1196	-0.1945	39.9751	194.6848	128.9949	-0.3268	0.2255	1.981	True	True	0.0007	-0.0077	0.0219	-0.1661	0.1114	0.9798	52	52	1	1	0.5209	0.728	0	0.5209	0.728	0	-0.1664	0.1081	-0.9801	0	True	0.3177	0.0089	0.9193	0	184.7864	0	0.3873	1.4389	0.6618	0.1577	1.4191	0.7856	0.8051	0.9508	0.934	0.8957	1.0256	1.0124
Boxe_EPreN4_VR_Testing_N1_S8_D	White_Man	2.439998	0.3575	1.5418	-0.1364	14.5476	7.1909	346.8345	0.2733	1.2425	-0.2043	2.9224	240.7931	321.8441	0.1947	1.1193	-0.1947	40.1946	194.8507	129.1157	-0.3298	0.2192	1.9812	True	True	0.0015	-0.0077	0.0219	-0.1677	0.1094	0.9798	52	52	1	1	0.5207	0.7287	0	0.5207	0.7287	0	-0.1676	0.1061	-0.9801	0	True	0.3177	0.0086	0.9193	0	184.7864	0	0.3872	1.4396	0.6619	0.1578	1.4193	0.7858	0.8054	0.9515	0.9346	0.8956	1.0261	1.0124
Boxe_EPreN4_VR_Testing_N1_S8_D	White_Man	2.459998	0.3578	1.5418	-0.1366	14.5007	7.2086	346.8408	0.2734	1.2425	-0.2042	2.9159	240.7145	321.8814	0.1945	1.1187	-0.1948	40.2411	194.9364	129.1201	-0.3314	0.215	1.9814	True	True	0.0009	-0.0077	0.0219	-0.1672	0.1087	0.9799	52	52	1	1	0.5202	0.7288	0	0.5202	0.7288	0	-0.1674	0.1053	-0.9802	0	True	0.3177	0.0086	0.9193	0	184.7864	0	0.3872	1.4399	0.6619	0.1579	1.4194	0.786	0.8056	0.9519	0.935	0.8956	1.0265	1.0124
Boxe_EPreN4_VR_Testing_N1_S8_D	White_Man	2.479998	0.3583	1.5418	-0.1368	14.4731	7.1991	346.7838	0.2734	1.2424	-0.2042	2.8975	240.6461	321.9148	0.1947	1.1184	-0.1949	40.2976	195.0001	129.1879	-0.3319	0.2111	1.9818	True	True	0.0008	-0.0077	0.0219	-0.1667	0.1068	0.9802	52	52	1	1	0.5202	0.7297	0	0.5202	0.7297	0	-0.167	0.1035	-0.9805	0	True	0.3177	0.0085	0.9193	0	184.7864	0	0.3873	1.4401	0.662	0.1582	1.4196	0.7861	0.8057	0.9522	0.9353	0.8957	1.0268	1.0126
Boxe_EPreN4_VR_Testing_N1_S8_D	White_Man	2.499998	0.3591	1.5418	-0.137	14.438	7.1552	346.7355	0.2736	1.2421	-0.2042	2.8359	240.486	321.9622	0.1947	1.1177	-0.1953	40.2988	195.0397	129.2997	-0.3333	0.2068	1.982	True	True	0.001	-0.0077	0.0219	-0.1681	0.1045	0.9802	52	52	1	1	0.5201	0.7311	0	0.5201	0.7311	0	-0.1683	0.1012	-0.9805	0	True	0.3177	0.0085	0.9193	0	184.7864	0	0.3872	1.4404	0.6621	0.1586	1.4199	0.7864	0.806	0.9527	0.9361	0.896	1.0277	1.0129
Boxe_EPreN4_VR_Testing_N1_S8_D	White_Man	2.519998	0.3595	1.5418	-0.1371	14.4124	7.1265	346.7089	0.2737	1.2419	-0.2042	2.7946	240.4047	321.97	0.1947	1.1175	-0.1955	40.2985	195.0785	129.384	-0.3351	0.2045	1.982	True	True	0.0008	-0.0077	0.0219	-0.1691	0.1046	0.98	52	52	1	1	0.5199	0.7312	0	0.5199	0.7312	0	-0.1694	0.1013	-0.9803	0	True	0.3177	0.0084	0.9193	0	184.7864	0	0.387	1.4405	0.6622	0.1587	1.42	0.7865	0.8062	0.953	0.9365	0.8961	1.0282	1.0131
Boxe_EPreN4_VR_Testing_N1_S8_D	White_Man	2.539998	0.3602	1.5417	-0.1374	14.3876	7.1024	346.6718	0.2742	1.2417	-0.2042	2.7646	240.3026	322.0036	0.1948	1.1173	-0.1957	40.3929	195.2198	129.5362	-0.3365	0.2001	1.9822	True	True	0.0012	-0.0077	0.0219	-0.1698	0.1011	0.9803	52	52	1	1	0.5198	0.7325	0	0.5198	0.7325	0	-0.1698	0.0977	-0.9806	0	True	0.3177	0.0082	0.9193	0	184.7864	0	0.3861	1.4408	0.6625	0.1587	1.4201	0.7869	0.8066	0.9538	0.9369	0.8963	1.0288	1.0136
Boxe_EPreN4_VR_Testing_N1_S8_D	White_Man	2.559998	0.3605	1.5416	-0.1375	14.4096	7.0788	346.6466	0.2745	1.2417	-0.2041	2.7822	240.2748	322.0319	0.1949	1.1171	-0.1957	40.4301	195.2907	129.5644	-0.3366	0.1973	1.9825	True	True	0.0009	-0.0077	0.0219	-0.1689	0.1007	0.9805	52	52	1	1	0.5198	0.7325	0	0.5198	0.7325	0	-0.1691	0.0974	-0.9808	0	True	0.3177	0.0082	0.9193	0	184.7864	0	0.3858	1.4408	0.6626	0.1587	1.4201	0.7871	0.8069	0.9541	0.937	0.8962	1.029	1.0137
Boxe_EPreN4_VR_Testing_N1_S8_D	White_Man	2.579998	0.361	1.5415	-0.1377	14.4689	7.012	346.6124	0.2751	1.2417	-0.2041	2.8537	240.2657	322.1191	0.1954	1.1173	-0.1957	40.4457	195.1407	129.5634	-0.3376	0.1929	1.9828	True	True	0.0007	-0.0077	0.0219	-0.1697	0.0975	0.9806	52	52	1	1	0.5194	0.7328	0	0.5194	0.7328	0	-0.17	0.0941	-0.9809	0	True	0.3177	0.0081	0.9193	0	184.7864	0	0.3851	1.4408	0.663	0.1589	1.4201	0.7874	0.8074	0.9546	0.937	0.8964	1.0293	1.0141
Boxe_EPreN4_VR_Testing_N1_S8_D	White_Man	2.599998	0.3612	1.5414	-0.1378	14.5032	6.9544	346.6317	0.2754	1.2418	-0.2042	2.8847	240.2563	322.1584	0.1958	1.1177	-0.1955	40.4316	195.0218	129.5393	-0.3381	0.19	1.983	True	True	0.0006	-0.0077	0.0219	-0.1697	0.097	0.9807	52	52	1	1	0.5194	0.7332	0	0.5194	0.7332	0	-0.17	0.0936	-0.981	0	True	0.3177	0.0081	0.9193	0	184.7864	0	0.385	1.4408	0.6631	0.159	1.4201	0.7875	0.8076	0.9548	0.9367	0.8966	1.0291	1.0143
Boxe_EPreN4_VR_Testing_N1_S8_D	White_Man	2.619998	0.3616	1.5414	-0.1379	14.5483	6.8348	346.6537	0.2758	1.2419	-0.2044	2.9118	240.1834	322.2285	0.1964	1.1172	-0.1954	40.4959	194.8556	129.5145	-0.34	0.1885	1.9828	True	True	0.0007	-0.0077	0.0219	-0.1717	0.0972	0.9803	52	52	1	1	0.5194	0.7332	0	0.5194	0.7332	0	-0.172	0.0938	-0.9806	0	True	0.3177	0.008	0.9193	0	184.7864	0	0.3846	1.441	0.6635	0.159	1.42	0.7876	0.808	0.9552	0.937	0.897	1.0293	1.0146
Boxe_EPreN4_VR_Testing_N1_S8_D	White_Man	2.639998	0.3618	1.5414	-0.1379	14.5331	6.7864	346.6722	0.2759	1.2419	-0.2045	2.9209	240.1378	322.2476	0.1967	1.117	-0.1955	40.5449	194.7969	129.5348	-0.341	0.1873	1.9827	True	True	0.0013	-0.0077	0.0219	-0.1718	0.0967	0.9804	52	52	1	1	0.5194	0.7333	0	0.5194	0.7333	0	-0.1718	0.0933	-0.9807	0	True	0.3177	0.0079	0.9193	0	184.7864	0	0.3845	1.4412	0.6636	0.1589	1.4199	0.7877	0.8081	0.9553	0.9372	0.8972	1.0294	1.0147
Boxe_EPreN4_VR_Testing_N1_S8_D	White_Man	2.659998	0.362	1.5413	-0.1381	14.5036	6.7515	346.6709	0.276	1.2419	-0.2045	2.9191	240.0787	322.2732	0.1969	1.117	-0.1955	40.5792	194.7752	129.5646	-0.3424	0.1873	1.9825	True	True	0.0016	-0.0077	0.0219	-0.173	0.0975	0.9801	52	52	1	1	0.5196	0.7332	0	0.5196	0.7332	0	-0.1728	0.0941	-0.9805	0	True	0.3177	0.0079	0.9193	0	184.7864	0	0.3843	1.4413	0.6637	0.1588	1.4198	0.7877	0.8083	0.9555	0.9373	0.8974	1.0294	1.0148
Boxe_EPreN4_VR_Testing_N1_S8_D	White_Man	2.679998	0.3623	1.5413	-0.1382	14.4602	6.6958	346.6855	0.2763	1.2419	-0.2046	2.9084	239.9604	322.3154	0.1972	1.1171	-0.1957	40.6535	194.7011	129.5404	-0.3443	0.1861	1.9822	True	True	0.0022	-0.0077	0.0219	-0.1746	0.0961	0.9799	52	52	1	1	0.5196	0.7333	0	0.5196	0.7333	0	-0.1742	0.0928	-0.9803	0	True	0.3177	0.008	0.9193	0	184.7864	0	0.3843	1.4413	0.6637	0.1588	1.4197	0.7874	0.8084	0.9555	0.9374	0.8974	1.0293	1.0146
Boxe_EPreN4_VR_Testing_N1_S8_D	White_Man	2.699998	0.3625	1.5413	-0.1383	14.4365	6.691	346.6547	0.2764	1.2418	-0.2046	2.9069	239.9144	322.3146	0.1973	1.117	-0.1959	40.6794	194.6254	129.5238	-0.3453	0.1856	1.982	True	True	0.0022	-0.0077	0.0219	-0.1745	0.0963	0.9799	52	52	1	1	0.5196	0.7334	0	0.5196	0.7334	0	-0.1741	0.0929	-0.9803	0	True	0.3177	0.0081	0.9193	0	184.7864	0	0.3844	1.4412	0.6636	0.1589	1.4197	0.7872	0.8085	0.9554	0.9375	0.8974	1.0294	1.0145
Boxe_EPreN4_VR_Testing_N1_S8_D	White_Man	2.719998	0.3627	1.5413	-0.1385	14.387	6.6946	346.6896	0.2767	1.2416	-0.2046	2.8984	239.8297	322.3298	0.1976	1.1168	-0.1964	40.6891	194.4893	129.5085	-0.3458	0.1853	1.9819	True	True	0.0021	-0.0077	0.0219	-0.1742	0.0963	0.98	52	52	1	1	0.5196	0.7334	0	0.5196	0.7334	0	-0.1738	0.0929	-0.9804	0	True	0.3177	0.0084	0.9193	0	184.7864	0	0.3844	1.4412	0.6635	0.1588	1.4197	0.7867	0.8085	0.9552	0.9378	0.8972	1.0294	1.014
Boxe_EPreN4_VR_Testing_N1_S8_D	White_Man	2.739998	0.3629	1.5413	-0.1386	14.3838	6.6919	346.7255	0.2769	1.2415	-0.2047	2.898	239.8039	322.3318	0.1976	1.1168	-0.1966	40.6515	194.4856	129.5241	-0.3452	0.1819	1.9823	True	True	0.0019	-0.0077	0.0219	-0.1732	0.0927	0.9805	52	52	1	1	0.5196	0.7342	0	0.5196	0.7342	0	-0.1729	0.0892	-0.9809	0	True	0.3177	0.0084	0.9193	0	184.7864	0	0.3844	1.4412	0.6634	0.1588	1.4196	0.7865	0.8085	0.9551	0.9379	0.8972	1.0294	1.0139
Boxe_EPreN4_VR_Testing_N1_S8_D	White_Man	2.759998	0.3631	1.5413	-0.1388	14.418	6.6669	346.7237	0.2774	1.2415	-0.2049	2.9217	239.7706	322.334	0.1977	1.1161	-0.197	40.6013	194.5343	129.5376	-0.3444	0.1799	1.9827	True	True	0.0013	-0.0077	0.0219	-0.1723	0.0924	0.9807	52	52	1	1	0.5196	0.7339	0	0.5196	0.7339	0	-0.1722	0.089	-0.981	0	True	0.3177	0.0086	0.9193	0	184.7864	0	0.3847	1.4412	0.6632	0.1588	1.4195	0.786	0.8085	0.9549	0.9384	0.8972	1.0295	1.0137
Boxe_EPreN4_VR_Testing_N1_S8_D	White_Man	2.779998	0.3633	1.5413	-0.1388	14.4321	6.6552	346.7468	0.2776	1.2415	-0.205	2.9416	239.7902	322.3433	0.1978	1.1159	-0.1972	40.5992	194.5704	129.5773	-0.3411	0.1796	1.9834	True	True	0.0014	-0.0077	0.0219	-0.1689	0.0935	0.9812	52	52	1	1	0.5196	0.7338	0	0.5196	0.7338	0	-0.1689	0.0901	-0.9815	0	True	0.3177	0.0087	0.9193	0	184.7864	0	0.3848	1.4413	0.663	0.1589	1.4195	0.7858	0.8084	0.9547	0.9386	0.8972	1.0295	1.0136
Boxe_EPreN4_VR_Testing_N1_S8_D	White_Man	2.799998	0.3634	1.5414	-0.139	14.4415	6.6383	346.7636	0.2778	1.2415	-0.2052	2.9534	239.8153	322.3619	0.1979	1.1159	-0.1972	40.6287	194.63	129.6101	-0.3392	0.1795	1.9837	True	True	0.0014	-0.0077	0.0219	-0.1689	0.0935	0.9812	52	52	1	1	0.5196	0.7338	0	0.5196	0.7338	0	-0.1689	0.0901	-0.9815	0	True	0.3177	0.0087	0.9193	0	184.7864	0	0.385	1.4414	0.6629	0.159	1.4195	0.7855	0.8084	0.9546	0.9385	0.8973	1.0293	1.0136
Boxe_EPreN4_VR_Testing_N1_S8_D	White_Man	2.819998	0.3637	1.5414	-0.1391	14.4457	6.6167	346.795	0.2781	1.2416	-0.2054	2.9895	239.8123	322.3867	0.1981	1.1155	-0.1977	40.7241	194.5154	129.6405	-0.3417	0.1786	1.9834	True	True	0.0016	-0.0077	0.0219	-0.1734	0.0926	0.9805	52	52	1	1	0.5198	0.7337	0	0.5198	0.7337	0	-0.1733	0.0892	-0.9808	0	True	0.3177	0.0088	0.9193	0	184.7864	0	0.3855	1.4416	0.6628	0.1592	1.4196	0.7852	0.8084	0.9545	0.939	0.8973	1.0295	1.0134
Boxe_EPreN4_VR_Testing_N1_S8_D	White_Man	2.839998	0.3638	1.5413	-0.1393	14.427	6.6167	346.8018	0.2783	1.2416	-0.2055	3.0224	239.7974	322.3954	0.1983	1.1153	-0.1977	40.7389	194.486	129.6365	-0.3403	0.1791	1.9835	True	True	0.0017	-0.0077	0.0219	-0.17	0.0937	0.981	52	52	1	1	0.5198	0.7334	0	0.5198	0.7334	0	-0.1698	0.0903	-0.9813	0	True	0.3177	0.0089	0.9193	0	184.7864	0	0.3857	1.4417	0.6626	0.1594	1.4197	0.785	0.8084	0.9544	0.9391	0.8973	1.0295	1.0133
Boxe_EPreN4_VR_Testing_N1_S8_D	White_Man	2.859998	0.3641	1.5414	-0.1395	14.3995	6.6185	346.824	0.2799	1.244	-0.2077	2.9825	239.8406	321.2011	0.1988	1.1156	-0.1977	40.7507	194.3451	129.6224	-0.3386	0.1791	1.9838	True	True	0.0017	-0.0077	0.0219	-0.169	0.0934	0.9812	52	52	1	1	0.52	0.7334	0	0.52	0.7334	0	-0.1688	0.09	-0.9815	0	True	0.3177	0.009	0.9193	0	184.7864	0	0.3862	1.4418	0.6624	0.1597	1.4198	0.7847	0.8083	0.9543	0.9387	0.8986	1.0291	1.015
Boxe_EPreN4_VR_Testing_N1_S8_D	White_Man	2.879998	0.3643	1.5413	-0.1396	14.3816	6.6254	346.8192	0.2801	1.2444	-0.2072	2.9987	239.7834	321.4838	0.199	1.1159	-0.1976	40.7485	194.3458	129.6345	-0.3378	0.179	1.984	True	True	0.0017	-0.0077	0.0219	-0.1692	0.0933	0.9812	52	52	1	1	0.52	0.7334	0	0.52	0.7334	0	-0.169	0.0899	-0.9815	0	True	0.3177	0.0091	0.9193	0	184.7864	0	0.3863	1.4418	0.6622	0.1599	1.4198	0.7846	0.8083	0.9543	0.9384	0.8978	1.0289	1.0143
Boxe_EPreN4_VR_Testing_N1_S8_D	White_Man	2.899998	0.3646	1.5413	-0.1399	14.3642	6.6297	346.8447	0.2814	1.2466	-0.2087	2.907	239.6498	320.8041	0.1993	1.1165	-0.1979	40.8327	194.3694	129.6884	-0.3375	0.1786	1.9841	True	True	0.0015	-0.0077	0.0219	-0.1692	0.0928	0.9812	52	52	1	1	0.52	0.7335	0	0.52	0.7335	0	-0.1691	0.0894	-0.9815	0	True	0.3177	0.0092	0.9193	0	184.7864	0	0.3865	1.4421	0.662	0.1599	1.4199	0.7845	0.8083	0.9545	0.9383	0.8986	1.0289	1.0155
Boxe_EPreN4_VR_Testing_N1_S8_D	White_Man	2.919998	0.3648	1.5413	-0.14	14.3669	6.6276	346.8107	0.2821	1.2475	-0.2099	2.8097	239.4565	320.3232	0.1994	1.1168	-0.198	40.8587	194.4194	129.7035	-0.3371	0.1783	1.9842	True	True	0.0013	-0.0077	0.0219	-0.1689	0.0928	0.9812	52	52	1	1	0.5201	0.7335	0	0.5201	0.7335	0	-0.1689	0.0894	-0.9816	0	True	0.3177	0.0092	0.9193	0	184.7864	0	0.3865	1.4422	0.6619	0.1599	1.42	0.7844	0.8083	0.9546	0.9382	0.8994	1.0289	1.0165
Boxe_EPreN4_VR_Testing_N1_S8_D	White_Man	2.939998	0.3652	1.5413	-0.1403	14.3289	6.6779	346.7542	0.2824	1.248	-0.2104	2.7816	239.4793	320.251	0.1996	1.1172	-0.1981	40.8627	194.4931	129.7133	-0.336	0.1774	1.9845	True	True	0.0013	-0.0077	0.0219	-0.1678	0.092	0.9815	52	52	1	1	0.5202	0.7338	0	0.5202	0.7338	0	-0.1679	0.0886	-0.9818	0	True	0.3177	0.0092	0.9193	0	184.7864	0	0.3868	1.4426	0.6617	0.1597	1.4201	0.7843	0.8083	0.9548	0.9381	0.8996	1.0288	1.0169
Boxe_EPreN4_VR_Testing_N1_S8_D	White_Man	2.959998	0.3654	1.5413	-0.1404	14.2939	6.696	346.7775	0.2827	1.2483	-0.2111	2.7268	239.4193	319.9783	0.1995	1.1172	-0.198	40.898	194.5826	129.705	-0.3363	0.177	1.9845	True	True	0.0012	-0.0077	0.0219	-0.169	0.0921	0.9813	52	52	1	1	0.5201	0.7338	0	0.5201	0.7338	0	-0.169	0.0886	-0.9816	0	True	0.3177	0.0093	0.9193	0	184.7864	0	0.3869	1.4428	0.6616	0.1596	1.4202	0.7843	0.8083	0.955	0.9381	0.9002	1.0288	1.0176
Boxe_EPreN4_VR_Testing_N1_S8_D	White_Man	2.979998	0.3656	1.5412	-0.1405	14.2739	6.7018	346.7355	0.2825	1.2481	-0.2107	2.7723	239.49	320.1956	0.1995	1.1172	-0.1981	40.8919	194.5667	129.701	-0.3366	0.1766	1.9845	True	True	0.0012	-0.0077	0.0219	-0.1691	0.0919	0.9813	52	52	1	1	0.5201	0.7338	0	0.5201	0.7338	0	-0.1691	0.0885	-0.9816	0	True	0.3177	0.0093	0.9193	0	184.7864	0	0.3871	1.4431	0.6615	0.1595	1.4203	0.7843	0.8083	0.9552	0.9382	0.8998	1.0289	1.0173
Boxe_EPreN4_VR_Testing_N1_S8_D	White_Man	2.999998	0.3662	1.5411	-0.1408	14.2807	6.7368	346.6564	0.2829	1.2483	-0.2112	2.6505	239.2936	319.8893	0.1994	1.1165	-0.1982	40.8496	194.6525	129.783	-0.3853	0.209	1.9724	True	True	0.0002	-0.0077	0.022	-0.2195	0.1282	0.9672	52	52	1	1	0.5084	0.7282	0	0.5084	0.7282	0	-0.2202	0.125	-0.9674	0	True	0.3177	0.0093	0.9193	0	184.7864	0	0.3872	1.4434	0.6613	0.1593	1.4205	0.7845	0.8083	0.9558	0.9385	0.9002	1.0294	1.018
Boxe_EPreN4_VR_Testing_N1_S8_D	White_Man	3.019998	0.3664	1.541	-0.1409	14.2946	6.7657	346.5984	0.2829	1.2482	-0.2112	2.647	239.3572	319.8915	0.1994	1.1161	-0.1982	40.8564	194.743	129.8779	-0.4376	0.2325	1.9593	True	True	0	-0.0076	0.022	-0.2449	0.1342	0.9602	52	52	1	1	0.501	0.7247	0	0.501	0.7247	0	-0.2458	0.1311	-0.9604	0	True	0.3177	0.0094	0.9193	0	184.7864	0	0.3872	1.4435	0.6613	0.1592	1.4205	0.7846	0.8084	0.9561	0.9387	0.9002	1.0296	1.0182
Boxe_EPreN4_VR_Testing_N1_S8_D	White_Man	3.039998	0.3669	1.5408	-0.1412	14.3109	6.8343	346.5591	0.283	1.2481	-0.2113	2.5553	239.3306	319.7839	0.1993	1.1155	-0.1981	40.9737	194.957	130.0672	-0.4746	0.2543	1.9481	True	True	0.0011	-0.0075	0.022	-0.2559	0.1436	0.956	52	52	1	1	0.4958	0.7201	0	0.4958	0.7201	0	-0.2563	0.1406	-0.9563	0	True	0.3177	0.0096	0.9193	0	184.7864	0	0.3871	1.4434	0.6612	0.1589	1.4206	0.785	0.8086	0.9568	0.9388	0.9002	1.0301	1.0187
Boxe_EPreN4_VR_Testing_N1_S8_D	White_Man	3.059998	0.3671	1.5407	-0.1413	14.3334	6.8664	346.5284	0.2831	1.248	-0.2115	2.5125	239.3005	319.707	0.1994	1.1159	-0.198	41.0084	195.0498	130.1591	-0.4887	0.279	1.9408	True	True	0.0024	-0.0075	0.022	-0.2527	0.1569	0.9547	52	52	1	1	0.4964	0.7181	0	0.4964	0.7181	0	-0.2526	0.154	-0.9552	0	True	0.3177	0.0098	0.9193	0	184.7864	0	0.3872	1.4431	0.6611	0.159	1.4206	0.7851	0.8086	0.9571	0.9383	0.9002	1.0301	1.019
Boxe_EPreN4_VR_Testing_N1_S8_D	White_Man	3.079998	0.3673	1.5406	-0.1414	14.3518	6.8848	346.4831	0.2828	1.2478	-0.211	2.5237	239.3543	319.7823	0.1994	1.116	-0.198	41.0555	195.0692	130.1718	-0.5135	0.2825	1.9339	True	True	0.0025	-0.0075	0.022	-0.2699	0.147	0.9516	52	52	1	1	0.494	0.722	0	0.494	0.722	0	-0.2698	0.1441	-0.9521	0	True	0.3177	0.0102	0.9193	0	184.7864	0	0.3872	1.4427	0.6609	0.159	1.4207	0.7852	0.8085	0.9572	0.938	0.8995	1.0301	1.0186
Boxe_EPreN4_VR_Testing_N1_S8_D	White_Man	3.099998	0.3675	1.5405	-0.1416	14.3615	6.8765	346.4254	0.2825	1.2477	-0.2111	2.4029	239.3145	319.6929	0.1994	1.1163	-0.1984	41.0909	195.0444	130.219	-0.5242	0.2873	1.9298	True	True	0.0039	-0.0075	0.022	-0.2694	0.1502	0.9513	52	52	1	1	0.4923	0.7211	0	0.4923	0.7211	0	-0.2687	0.1473	-0.9519	0	True	0.3177	0.0108	0.9193	0	184.7864	0	0.387	1.4421	0.6605	0.1589	1.4206	0.7851	0.8084	0.9575	0.9376	0.8991	1.0303	1.0186
Boxe_EPreN4_VR_Testing_N1_S8_D	White_Man	3.119998	0.3676	1.5405	-0.1417	14.3367	6.8472	346.4473	0.2823	1.2476	-0.211	2.3796	239.3142	319.7215	0.1994	1.1165	-0.1984	41.0592	195.0672	130.1888	-0.5257	0.2871	1.9288	True	True	0.0037	-0.0075	0.022	-0.2655	0.1471	0.9528	52	52	1	1	0.4932	0.7213	0	0.4932	0.7213	0	-0.2648	0.1442	-0.9535	0	True	0.3177	0.011	0.9193	0	184.7864	0	0.387	1.442	0.6604	0.1589	1.4205	0.7851	0.8084	0.9575	0.9373	0.8989	1.0302	1.0185
Boxe_EPreN4_VR_Testing_N1_S8_D	White_Man	3.139998	0.3675	1.5405	-0.1417	14.2747	6.7482	346.4234	0.2817	1.2474	-0.2105	2.3352	239.2993	319.7449	0.1993	1.1167	-0.1984	41.0561	195.064	130.168	-0.528	0.2877	1.9278	True	True	0.0035	-0.0075	0.022	-0.267	0.148	0.9523	52	52	1	1	0.4923	0.7216	0	0.4923	0.7216	0	-0.2664	0.145	-0.9529	0	True	0.3177	0.0115	0.9193	0	184.7864	0	0.3869	1.4417	0.6601	0.1588	1.4204	0.7849	0.8082	0.9574	0.937	0.8983	1.03	1.0178
Boxe_EPreN4_VR_Testing_N1_S8_D	White_Man	3.159998	0.3675	1.5405	-0.1418	14.2358	6.6756	346.4138	0.2818	1.2474	-0.211	2.2797	239.2276	319.6659	0.1992	1.1167	-0.1985	41.066	195.0685	130.1692	-0.5282	0.287	1.9278	True	True	0.0029	-0.0075	0.022	-0.2656	0.1469	0.9528	52	52	1	1	0.4922	0.7213	0	0.4922	0.7213	0	-0.2653	0.1439	-0.9534	0	True	0.3177	0.0116	0.9193	0	184.7864	0	0.3869	1.4416	0.6601	0.1588	1.4205	0.7849	0.8082	0.9574	0.937	0.8986	1.03	1.0182
Boxe_EPreN4_VR_Testing_N1_S8_D	White_Man	3.179998	0.3672	1.5405	-0.1418	14.1978	6.5364	346.3631	0.2814	1.2473	-0.2108	2.2611	239.1939	319.6817	0.1991	1.1165	-0.1987	41.0846	195.099	130.2413	-0.526	0.2831	1.929	True	True	0.0014	-0.0075	0.022	-0.2625	0.1428	0.9543	52	52	1	1	0.4925	0.7217	0	0.4925	0.7217	0	-0.2628	0.1398	-0.9547	0	True	0.3177	0.0121	0.9193	0	184.7864	0	0.3869	1.4412	0.6596	0.1587	1.4205	0.7844	0.8078	0.957	0.9368	0.898	1.0299	1.0176
Boxe_EPreN4_VR_Testing_N1_S8_D	White_Man	3.199998	0.3671	1.5405	-0.1418	14.1808	6.4752	346.3875	0.2813	1.2473	-0.211	2.2526	239.15	319.63	0.199	1.1162	-0.1988	41.1382	195.1261	130.2666	-0.5243	0.2805	1.9299	True	True	0.0014	-0.0075	0.022	-0.2619	0.1424	0.9545	52	52	1	1	0.4928	0.7219	0	0.4928	0.7219	0	-0.2623	0.1394	-0.9549	0	True	0.3177	0.0124	0.9193	0	184.7864	0	0.3869	1.4409	0.6592	0.1586	1.4204	0.7841	0.8074	0.9566	0.9365	0.8977	1.0297	1.0174
Boxe_EPreN4_VR_Testing_N1_S8_D	White_Man	3.219998	0.3666	1.5406	-0.1418	14.172	6.3842	346.4419	0.281	1.2473	-0.2109	2.2454	239.0119	319.6077	0.1989	1.1159	-0.1989	41.1844	195.0643	130.2373	-0.5226	0.2774	1.9309	True	True	0.0014	-0.0075	0.022	-0.261	0.1404	0.9551	52	52	1	1	0.4931	0.7221	0	0.4931	0.7221	0	-0.2614	0.1374	-0.9554	0	True	0.3177	0.0129	0.9193	0	184.7864	0	0.387	1.4404	0.6585	0.1586	1.4203	0.7834	0.8068	0.9559	0.9359	0.8969	1.0292	1.0166
Boxe_EPreN4_VR_Testing_N1_S8_D	White_Man	3.239998	0.3664	1.5407	-0.1418	14.1635	6.3569	346.5157	0.2807	1.2474	-0.2106	2.2683	238.9904	319.6145	0.1989	1.116	-0.199	41.161	194.9787	130.2052	-0.5208	0.2755	1.9316	True	True	0.0014	-0.0075	0.022	-0.2601	0.1403	0.9553	52	52	1	1	0.4934	0.7224	0	0.4934	0.7224	0	-0.2605	0.1372	-0.9557	0	True	0.3177	0.0131	0.9193	0	184.7864	0	0.3871	1.4404	0.6582	0.1586	1.4202	0.7831	0.8066	0.9556	0.9357	0.8964	1.029	1.016
Boxe_EPreN4_VR_Testing_N1_S8_D	White_Man	3.259998	0.3662	1.5408	-0.1418	14.1577	6.3454	346.5429	0.2809	1.2476	-0.2114	2.243	238.9466	319.5148	0.1988	1.1159	-0.1992	41.1358	194.8732	130.163	-0.5193	0.2743	1.9322	True	True	0.0019	-0.0075	0.022	-0.2597	0.1401	0.9555	52	52	1	1	0.4936	0.7223	0	0.4936	0.7223	0	-0.2598	0.1371	-0.9559	0	True	0.3177	0.0132	0.9193	0	184.7864	0	0.3871	1.4403	0.658	0.1586	1.4201	0.7829	0.8064	0.9554	0.9356	0.8967	1.0289	1.0165
Boxe_EPreN4_VR_Testing_N1_S8_D	White_Man	3.279998	0.3656	1.541	-0.142	14.123	6.3509	346.6344	0.2803	1.2476	-0.2105	2.2763	238.915	319.5539	0.1986	1.1156	-0.1994	41.1657	194.7863	130.1254	-0.517	0.273	1.933	True	True	0.002	-0.0075	0.022	-0.2582	0.1394	0.956	52	52	1	1	0.494	0.7224	0	0.494	0.7224	0	-0.2582	0.1364	-0.9564	0	True	0.3177	0.0134	0.9193	0	184.7864	0	0.387	1.4401	0.6572	0.1585	1.4198	0.7823	0.8059	0.955	0.9352	0.8952	1.0286	1.015
Boxe_EPreN4_VR_Testing_N1_S8_D	White_Man	3.299998	0.3654	1.541	-0.1422	14.0982	6.3687	346.6776	0.2804	1.2477	-0.2111	2.2658	238.8929	319.4992	0.1986	1.1156	-0.1995	41.2176	194.7453	130.0891	-0.5151	0.2722	1.9336	True	True	0.002	-0.0075	0.022	-0.2574	0.1393	0.9562	52	52	1	1	0.4942	0.7224	0	0.4942	0.7224	0	-0.2574	0.1363	-0.9566	0	True	0.3177	0.0135	0.9193	0	184.7864	0	0.387	1.4399	0.6569	0.1586	1.4197	0.7821	0.8057	0.9549	0.935	0.8953	1.0285	1.0153
Boxe_EPreN4_VR_Testing_N1_S8_D	White_Man	3.319998	0.365	1.5414	-0.1424	14.0412	6.4207	346.6934	0.2803	1.2477	-0.2114	2.3301	238.887	319.4527	0.1985	1.1157	-0.1995	41.239	194.6961	130.02	-0.5126	0.2708	1.9345	True	True	0.002	-0.0075	0.022	-0.2557	0.1382	0.9568	52	52	1	1	0.4944	0.7224	0	0.4944	0.7224	0	-0.2558	0.1352	-0.9572	0	True	0.3177	0.0141	0.9193	0	184.7864	0	0.3875	1.439	0.6556	0.1592	1.4191	0.7815	0.8049	0.9543	0.9335	0.8943	1.0276	1.0148
Boxe_EPreN4_VR_Testing_N1_S8_D	White_Man	3.339998	0.3647	1.5416	-0.1426	13.9763	6.4771	346.7451	0.28	1.2477	-0.2112	2.3302	238.8594	319.4406	0.1985	1.1159	-0.1996	41.2527	194.6079	129.9589	-0.511	0.2697	1.9351	True	True	0.0018	-0.0075	0.022	-0.2554	0.1378	0.9569	52	52	1	1	0.4945	0.7225	0	0.4945	0.7225	0	-0.2556	0.1348	-0.9573	0	True	0.3177	0.0144	0.9193	0	184.7864	0	0.3878	1.4385	0.655	0.1595	1.4189	0.7812	0.8046	0.9542	0.9329	0.8935	1.0273	1.0142
Boxe_EPreN4_VR_Testing_N1_S8_D	White_Man	3.359998	0.3643	1.542	-0.143	13.7903	6.5319	346.8748	0.2798	1.2479	-0.2116	2.3427	238.7916	319.3902	0.1986	1.1161	-0.1998	41.2887	194.5228	129.9205	-0.5109	0.2698	1.9351	True	True	0.0021	-0.0075	0.022	-0.2564	0.1388	0.9565	52	52	1	1	0.4966	0.7226	0	0.4966	0.7226	0	-0.2565	0.1357	-0.957	0	True	0.3177	0.0151	0.9193	0	184.7864	0	0.3886	1.4375	0.6538	0.1603	1.4182	0.7808	0.804	0.9542	0.9317	0.8926	1.0268	1.0139
Boxe_EPreN4_VR_Testing_N1_S8_D	White_Man	3.379997	0.3642	1.5421	-0.1433	13.7026	6.5455	346.9129	0.2795	1.248	-0.2112	2.359	238.8025	319.408	0.1985	1.1161	-0.1998	41.2933	194.4794	129.8576	-0.5061	0.2683	1.9366	True	True	0.0016	-0.0075	0.022	-0.2507	0.1368	0.9583	52	52	1	1	0.4966	0.7229	0	0.4966	0.7229	0	-0.2509	0.1338	-0.9587	0	True	0.3177	0.0155	0.9193	0	184.7864	0	0.3891	1.437	0.6532	0.1609	1.4178	0.7804	0.8038	0.954	0.9311	0.8916	1.0263	1.013
Boxe_EPreN4_VR_Testing_N1_S8_D	White_Man	3.399997	0.3641	1.5423	-0.1437	13.6529	6.5741	346.9292	0.2796	1.2481	-0.2119	2.3832	238.813	319.4341	0.1984	1.1164	-0.2	41.2755	194.4215	129.8335	-0.5034	0.2674	1.9375	True	True	0.0016	-0.0075	0.022	-0.2507	0.1368	0.9583	52	52	1	1	0.4966	0.7229	0	0.4966	0.7229	0	-0.2509	0.1338	-0.9587	0	True	0.3177	0.0165	0.9193	0	184.7864	0	0.39	1.4363	0.6521	0.1619	1.4173	0.7796	0.8032	0.9534	0.9301	0.8911	1.0254	1.0126
Boxe_EPreN4_VR_Testing_N1_S8_D	White_Man	3.419997	0.3641	1.5426	-0.1443	13.5725	6.6056	346.9825	0.2797	1.2484	-0.2129	2.3756	238.8895	319.4281	0.198	1.1162	-0.2001	41.2645	194.4909	129.7935	-0.4966	0.2613	1.9403	True	True	-0.0003	-0.0076	0.022	-0.2435	0.1301	0.9611	52	52	1	1	0.4974	0.7237	0	0.4974	0.7237	0	-0.2445	0.1269	-0.9613	0	True	0.3177	0.0184	0.9193	0	184.7864	0	0.3917	1.4351	0.6503	0.1639	1.4162	0.7779	0.8024	0.9521	0.9287	0.8902	1.0235	1.0115
Boxe_EPreN4_VR_Testing_N1_S8_D	White_Man	3.439997	0.3642	1.5428	-0.1446	13.514	6.6118	347.0213	0.2798	1.2485	-0.2131	2.3939	238.9493	319.4494	0.1978	1.116	-0.2002	41.2903	194.5551	129.8389	-0.4915	0.257	1.9424	True	True	-0.001	-0.0076	0.022	-0.2418	0.1293	0.9617	52	52	1	1	0.4975	0.7238	0	0.4975	0.7238	0	-0.2431	0.1261	-0.9618	0	True	0.3177	0.0194	0.9193	0	184.7864	0	0.3927	1.4345	0.6495	0.165	1.4155	0.7768	0.8019	0.9513	0.9281	0.8896	1.0224	1.0104
Boxe_EPreN4_VR_Testing_N1_S8_D	White_Man	3.459997	0.3648	1.5428	-0.1455	13.4114	6.7017	346.9971	0.2802	1.2488	-0.2137	2.4138	239.1974	319.4326	0.1973	1.1154	-0.2005	41.3753	194.7311	129.9563	-0.4872	0.2541	1.9441	True	True	-0.0015	-0.0076	0.022	-0.2398	0.1288	0.9622	52	52	1	1	0.4977	0.7238	0	0.4977	0.7238	0	-0.2414	0.1256	-0.9623	0	True	0.3177	0.0185	0.9193	0	184.7864	0	0.3944	1.4336	0.648	0.1666	1.4142	0.7743	0.8015	0.9496	0.9274	0.8887	1.0201	1.0082
Boxe_EPreN4_VR_Testing_N1_S8_D	White_Man	3.479997	0.3652	1.5427	-0.1459	13.359	6.8222	346.9248	0.2805	1.2488	-0.2137	2.3983	239.3873	319.5138	0.1972	1.1153	-0.2005	41.3688	194.8077	129.9949	-0.4853	0.2498	1.9453	True	True	-0.0017	-0.0076	0.022	-0.2405	0.1257	0.9625	52	52	1	1	0.4978	0.7239	0	0.4978	0.7239	0	-0.2422	0.1225	-0.9625	0	True	0.3177	0.018	0.9193	0	184.7864	0	0.3952	1.4331	0.6472	0.1674	1.4134	0.7727	0.8012	0.9485	0.9267	0.8878	1.0183	1.0064
Boxe_EPreN4_VR_Testing_N1_S8_D	White_Man	3.499997	0.3661	1.5421	-0.1468	13.3289	7.0945	346.7572	0.2813	1.2484	-0.2147	2.2641	239.7654	319.6581	0.1972	1.115	-0.2007	41.304	194.8729	130.094	-0.4855	0.2421	1.9462	True	True	-0.0013	-0.0076	0.022	-0.2423	0.1197	0.9628	52	52	1	1	0.498	0.7241	0	0.498	0.7241	0	-0.2437	0.1164	-0.9628	0	True	0.3177	0.0162	0.9193	0	184.7864	0	0.3969	1.4319	0.6453	0.1685	1.4111	0.7681	0.8004	0.9451	0.9253	0.887	1.0135	1.0026
Boxe_EPreN4_VR_Testing_N1_S8_D	White_Man	3.519997	0.3667	1.5416	-0.1472	13.3683	7.2093	346.6283	0.2816	1.2481	-0.2151	2.2122	240.0193	319.6508	0.1972	1.1152	-0.2007	41.2468	194.9845	130.1338	-0.4904	0.2426	1.9449	True	True	-0.0005	-0.0076	0.022	-0.2483	0.1254	0.9605	52	52	1	1	0.498	0.7244	0	0.498	0.7244	0	-0.2494	0.1223	-0.9607	0	True	0.3177	0.0153	0.9193	0	184.7864	0	0.3976	1.4315	0.6447	0.1685	1.41	0.7657	0.8002	0.9434	0.9246	0.8868	1.0107	1.0005
Boxe_EPreN4_VR_Testing_N1_S8_D	White_Man	3.539997	0.3676	1.541	-0.1476	13.4221	7.33	346.5233	0.2818	1.2477	-0.2155	2.1471	240.2376	319.6744	0.1972	1.1159	-0.2005	41.1562	195.1707	130.1688	-0.4938	0.2388	1.9443	True	True	0.0014	-0.0076	0.022	-0.2499	0.1206	0.9607	52	52	1	1	0.4982	0.7261	0	0.4982	0.7261	0	-0.2502	0.1174	-0.9611	0	True	0.3177	0.0141	0.9193	0	184.7864	0	0.3987	1.4311	0.6443	0.1685	1.4086	0.7622	0.8	0.9407	0.9239	0.8868	1.0067	0.9973
Boxe_EPreN4_VR_Testing_N1_S8_D	White_Man	3.559997	0.3697	1.539	-0.1478	13.4993	7.6058	346.1582	0.2819	1.2462	-0.2159	1.9509	240.6761	319.8235	0.1971	1.1167	-0.1999	41.017	195.6482	130.2742	-0.4948	0.2366	1.9442	True	True	0.0017	-0.0076	0.022	-0.2489	0.1206	0.961	52	52	1	1	0.4986	0.7264	0	0.4986	0.7264	0	-0.249	0.1174	-0.9613	0	True	0.3177	0.0118	0.9193	0	184.7864	0	0.4013	1.4311	0.6442	0.1661	1.4061	0.7539	0.8	0.9339	0.9237	0.8879	0.9972	0.9897
Boxe_EPreN4_VR_Testing_N1_S8_D	White_Man	3.579997	0.3711	1.5374	-0.1475	13.5012	7.7471	345.9139	0.2818	1.245	-0.2158	1.7526	240.8985	319.9075	0.1968	1.1169	-0.199	40.9637	196.0211	130.3169	-0.4973	0.2336	1.9438	True	True	0.0015	-0.0076	0.022	-0.2511	0.1185	0.9607	52	52	1	1	0.4982	0.7271	0	0.4982	0.7271	0	-0.2514	0.1154	-0.961	0	True	0.3177	0.0107	0.9193	0	184.7864	0	0.4023	1.4313	0.6446	0.1642	1.405	0.7492	0.7998	0.9298	0.9234	0.8885	0.9916	0.9852
Boxe_EPreN4_VR_Testing_N1_S8_D	White_Man	3.599997	0.3751	1.5313	-0.1458	13.5037	7.9856	345.1641	0.282	1.2408	-0.2162	0.932	241.4739	320.1548	0.1957	1.1162	-0.1951	40.9247	196.5114	130.2419	-0.5098	0.2253	1.9416	True	True	0.0017	-0.0078	0.022	-0.2636	0.1111	0.9582	52	52	1	1	0.4962	0.732	0	0.4962	0.732	0	-0.2638	0.1079	-0.9585	0	True	0.3177	0.008	0.9193	0	184.7864	0	0.4041	1.4324	0.6461	0.1569	1.4032	0.7349	0.7986	0.9164	0.9225	0.8917	0.974	0.9729
Boxe_EPreN4_VR_Testing_N1_S8_D	White_Man	3.619997	0.378	1.5263	-0.1441	13.6506	8.2169	344.7937	0.2821	1.2372	-0.2161	0.1751	241.7045	320.217	0.1955	1.1144	-0.1913	41.0543	196.3994	130.0513	-0.5242	0.2195	1.9384	True	True	0.0017	-0.0079	0.022	-0.2718	0.11	0.956	52	52	1	1	0.4954	0.738	0	0.4954	0.738	0	-0.272	0.1066	-0.9564	0	True	0.3177	0.0071	0.9193	0	184.7864	0	0.4047	1.4332	0.6469	0.1531	1.4032	0.7281	0.7969	0.9091	0.9209	0.8935	0.9646	0.9674
Boxe_EPreN4_VR_Testing_N1_S8_D	White_Man	3.639997	0.3846	1.5127	-0.139	14.4316	9.0157	344.5078	0.2807	1.2271	-0.2155	357.5262	242.7732	320.1839	0.1967	1.1055	-0.1834	41.0782	194.1951	129.1777	-0.5336	0.2182	1.936	True	True	0.0019	-0.0081	0.022	-0.2734	0.1123	0.9553	52	52	1	1	0.4995	0.7421	0	0.4995	0.7421	0	-0.2736	0.1089	-0.9557	0	True	0.3177	0.0053	0.9193	0	184.7864	0	0.4064	1.4369	0.6494	0.1411	1.4047	0.7057	0.7923	0.8857	0.9206	0.8989	0.9398	0.9485
Boxe_EPreN4_VR_Testing_N1_S8_D	White_Man	3.659997	0.3882	1.5033	-0.1352	15.0382	9.4854	344.204	0.2803	1.2198	-0.2139	356.2695	243.4343	320.2603	0.1974	1.1026	-0.1803	40.7067	192.8535	128.8881	-0.5419	0.2279	1.9324	True	True	0.0019	-0.0083	0.022	-0.277	0.125	0.9527	52	52	1	1	0.5018	0.7443	0	0.5018	0.7443	0	-0.2772	0.1215	-0.9531	0	True	0.3177	0.0049	0.9193	0	184.7864	0	0.4072	1.4395	0.6507	0.1355	1.4074	0.692	0.7888	0.8702	0.9209	0.9011	0.926	0.9364
Boxe_EPreN4_VR_Testing_N1_S8_D	White_Man	3.679997	0.3919	1.4909	-0.1308	15.7282	9.9588	343.6703	0.2804	1.2103	-0.2113	355.0892	243.8825	320.264	0.198	1.0961	-0.1737	40.1309	191.7268	128.9132	-0.5574	0.2492	1.9252	True	True	0.0019	-0.0085	0.0221	-0.2886	0.1427	0.9468	52	52	1	1	0.4988	0.7472	0	0.4988	0.7472	0	-0.2888	0.1393	-0.9472	0	True	0.3177	0.0046	0.9193	0	184.7864	0	0.4082	1.4429	0.6522	0.1289	1.41	0.672	0.7847	0.8486	0.9202	0.9034	0.9047	0.9181
Boxe_EPreN4_VR_Testing_N1_S8_D	White_Man	3.699997	0.3996	1.4591	-0.1201	17.7025	10.8535	342.9843	0.2823	1.1885	-0.2077	352.5292	243.9389	320.1879	0.1969	1.0828	-0.16	40.3312	191.6067	128.7994	-0.624	0.2782	1.9012	True	True	0.0017	-0.009	0.0222	-0.3437	0.1608	0.9252	52	52	1	1	0.4848	0.7637	0	0.4848	0.7637	0	-0.3443	0.1573	-0.9256	0	True	0.3177	0.0043	0.9193	0	184.7864	0	0.4108	1.4503	0.6552	0.1197	1.4245	0.6216	0.7754	0.7935	0.9194	0.9108	0.8565	0.8775
Boxe_EPreN4_VR_Testing_N1_S8_D	White_Man	3.719997	0.4039	1.4398	-0.1133	19.2984	11.3123	343.122	0.2841	1.1737	-0.2057	351.0298	243.5547	320.1241	0.1954	1.0703	-0.1497	40.7953	192.2329	128.9399	-0.717	0.3193	1.8551	True	True	0.031	-0.0087	0.022	-0.4106	0.186	0.8926	52	52	1	1	0.4765	0.7496	0	0.4765	0.7496	0	-0.4006	0.1839	-0.8976	0	True	0.3177	0.0041	0.9193	0	184.7864	0	0.4117	1.4532	0.6554	0.1159	1.4313	0.5951	0.7689	0.7648	0.9174	0.9143	0.8315	0.8579
Boxe_EPreN4_VR_Testing_N1_S8_D	White_Man	3.739997	0.4105	1.3972	-0.0969	23.2724	12.2464	343.8347	0.2853	1.1373	-0.2005	347.8436	243.4817	319.6493	0.1937	1.0448	-0.1333	42.7764	192.4837	129.0533	-0.8071	0.3984	1.7965	True	True	0.0309	-0.0086	0.0222	-0.4512	0.2384	0.86	52	52	1	1	0.4717	0.7454	0	0.4717	0.7454	0	-0.4407	0.2361	-0.866	0	True	0.3177	0.0034	0.9193	0	184.7864	0	0.4138	1.4593	0.6551	0.1062	1.4555	0.5228	0.7546	0.6928	0.9175	0.9231	0.7789	0.8102
Boxe_EPreN4_VR_Testing_N1_S8_D	White_Man	3.759997	0.4136	1.3731	-0.086	25.4305	12.4142	344.3286	0.2842	1.117	-0.1985	346.2367	244.3126	319.0957	0.1934	1.029	-0.1231	43.8397	192.5537	128.9241	-0.8292	0.4167	1.7803	True	True	0.0306	-0.0086	0.0222	-0.4384	0.2214	0.8711	52	52	1	1	0.4641	0.7566	0	0.4641	0.7566	0	-0.4292	0.2198	-0.8761	0	True	0.3177	0.0033	0.9193	0	184.7864	0	0.4156	1.4613	0.6555	0.1039	1.4683	0.4913	0.7468	0.6621	0.9179	0.9301	0.7606	0.7949
Boxe_EPreN4_VR_Testing_N1_S8_D	White_Man	3.779997	0.4161	1.3465	-0.0736	27.1475	12.4836	344.8286	0.2819	1.0949	-0.195	344.9383	245.532	318.3801	0.1934	1.0112	-0.1128	44.6145	192.4038	128.8576	-0.8584	0.4302	1.7623	True	True	0.0302	-0.0083	0.0222	-0.4553	0.2258	0.8612	4	4	0	0	0.4641	0.7566	0	0.4641	0.7566	0	-0.4465	0.2244	-0.8662	0	True	0.3177	0.0036	0.9193	0	184.7864	0	0.4182	1.4635	0.6565	0.1045	1.4875	0.4537	0.7394	0.6285	0.9203	0.9378	0.7454	0.7787
Boxe_EPreN4_VR_Testing_N1_S8_D	White_Man	3.799997	0.4164	1.2945	-0.048	29.5314	12.8086	346.6574	0.2776	1.0509	-0.1848	342.3402	246.0436	317.3329	0.1925	0.9743	-0.0925	46.544	192.0856	128.6265	-0.8938	0.4209	1.7469	True	True	0.0298	-0.0078	0.0223	-0.4747	0.2094	0.8548	4	4	0	0	0.4641	0.7566	0	0.4641	0.7566	0	-0.4566	0.2037	-0.866	0	True	0.3177	0.0044	0.9193	0	184.7864	0	0.4218	1.4654	0.6585	0.1073	1.5197	0.3972	0.727	0.5869	0.9261	0.9507	0.7379	0.7665
Boxe_EPreN4_VR_Testing_N1_S8_D	White_Man	3.819997	0.4093	1.239	-0.0163	31.5396	12.4892	348.2664	0.2717	0.9997	-0.1737	338.9348	240.8984	316.2187	0.1908	0.9301	-0.0693	50.234	190.8205	127.6007	-0.9376	0.5114	1.6965	True	True	0.029	-0.0068	0.0229	-0.4986	0.2944	0.8153	4	4	0	0	0.4641	0.7566	0	0.4641	0.7566	0	-0.4289	0.257	-0.866	0	True	0.3177	0.0046	0.9193	0	184.7864	0	0.4245	1.4651	0.6609	0.1122	1.5505	0.3523	0.714	0.5667	0.9349	0.9677	0.7543	0.7782
Boxe_EPreN4_VR_Testing_N1_S8_D	White_Man	3.839997	0.4013	1.2121	0.0009	32.945	11.6899	348.4602	0.2668	0.9738	-0.1661	337.3748	236.7272	316.0332	0.1905	0.9083	-0.0594	51.7851	187.9481	125.7558	-0.9144	0.5495	1.6968	True	True	0.0284	-0.0063	0.0231	-0.462	0.2933	0.837	4	4	0	0	0.4641	0.7566	0	0.4641	0.7566	0	-0.4201	0.2712	-0.866	0	True	0.3177	0.0045	0.9193	0	184.7864	0	0.4255	1.464	0.6615	0.1158	1.5667	0.3351	0.7074	0.5648	0.94	0.9748	0.7712	0.7909
Boxe_EPreN4_VR_Testing_N1_S8_D	White_Man	3.859997	0.3907	1.1876	0.0187	34.4516	10.1947	348.8107	0.2579	0.9501	-0.1571	335.6499	233.2792	315.4945	0.1896	0.8867	-0.051	53.171	183.3254	122.7859	-0.8762	0.583	1.707	True	True	0.0276	-0.0051	0.0239	-0.4342	0.3073	0.8468	4	4	0	0	0.4641	0.7566	0	0.4641	0.7566	0	-0.4054	0.2927	-0.866	0	True	0.3177	0.004	0.9193	0	184.7864	0	0.4267	1.4615	0.662	0.1214	1.5784	0.318	0.7001	0.5612	0.946	0.9802	0.787	0.7994
Boxe_EPreN4_VR_Testing_N1_S8_D	White_Man	3.879997	0.3634	1.1458	0.0566	36.1435	5.5428	350.9969	0.2347	0.9109	-0.1402	333.3732	231.3244	311.3402	0.1881	0.8439	-0.035	54.8286	171.4713	113.7528	-0.2861	0.2408	0.311	True	True	0	0	0	0	0	0	0	0	0	0	0	0	0	0	0	0	-0.4113	0.1955	-0.8903	2	True	0.3177	0.0032	0.9193	0	184.7864	0	0.4282	1.4561	0.6625	0.1328	1.5919	0.3013	0.6838	0.5587	0.9586	0.9894	0.822	0.818
Boxe_EPreN4_VR_Testing_N1_S8_D	White_Man	3.899997	0.3464	1.1271	0.0754	36.7222	2.4498	351.8547	0.2194	0.8954	-0.1317	333.9109	231.4428	308.5498	0.1867	0.8256	-0.0286	52.9468	164.2252	107.5256	-0.0962	0.1015	0.0593	True	True	0	0	0	0	0	0	0	0	0	0	0	0	0	0	0	0	-0.4113	0.1955	-0.8903	2	True	0.3177	0.0033	0.9193	0	184.7864	0	0.4283	1.4538	0.6628	0.1374	1.5903	0.2994	0.6772	0.5554	0.965	0.9934	0.8336	0.8219
Boxe_EPreN4_VR_Testing_N1_S8_D	White_Man	3.919997	0.3055	1.1001	0.1107	37.1439	356.5863	353.2465	0.197	0.8711	-0.1172	334.2625	225.449	305.9653	0.1847	0.798	-0.0147	49.0758	157.1971	102.2097	-0.0333	0.0436	0.0118	True	True	0	0	0	0	0	0	0	0	0	0	0	0	0	0	0	0	-0.4113	0.1955	-0.8903	2	True	0.3177	0.004	0.9193	0	184.7864	0	0.4294	1.4487	0.6643	0.1456	1.5785	0.3087	0.6658	0.5419	0.9718	0.9992	0.8458	0.8274
Boxe_EPreN4_VR_Testing_N1_S8_D	White_Man	3.939997	0.2816	1.089	0.1281	36.3081	354.173	353.7502	0.1895	0.8634	-0.1115	331.8708	219.9478	306.4359	0.1848	0.7886	-0.0094	49.273	154.8681	100.918	-0.0118	0.019	0.0025	True	True	0	0	0	0	0	0	0	0	0	0	0	0	0	0	0	0	-0.4113	0.1955	-0.8903	2	True	0.3177	0.0045	0.9193	0	184.7864	0	0.4297	1.4464	0.665	0.1467	1.57	0.3181	0.6618	0.5345	0.9734	1.0003	0.8481	0.828
Boxe_EPreN4_VR_Testing_N1_S8_D	White_Man	3.959997	0.2312	1.0773	0.1512	33.9281	350.5509	356.1854	0.1735	0.8513	-0.0987	327.49	208.935	308.1975	0.1822	0.7777	0	59.0945	143.0086	88.9185	-0.1309	0.8474	0.872	True	True	-0.0318	-0.0047	0.0249	-0.0961	0.5885	0.8027	52	52	1	1	0.4574	0.5574	0	0.4574	0.5574	0	-0.0911	0.4916	-0.866	0	True	0.3177	0.0056	0.9193	0	184.7864	0	0.4297	1.4407	0.6664	0.1429	1.5434	0.3499	0.661	0.5143	0.9721	0.9992	0.8427	0.8253
Boxe_EPreN4_VR_Testing_N1_S8_D	White_Man	3.979997	0.2011	1.0747	0.1614	32.6211	347.9949	357.4434	0.1646	0.8502	-0.0929	325.9592	203.5159	309.4962	0.1798	0.7811	0.0047	60.1914	133.2825	78.4845	-0.1824	1.0776	1.2722	True	True	-0.0318	-0.0047	0.0249	-0.0961	0.5885	0.8027	52	52	1	1	0.4574	0.5574	0	0.4574	0.5574	0	-0.0911	0.4916	-0.866	0	True	0.3177	0.006	0.9193	0	184.7864	0	0.4289	1.4381	0.6669	0.1394	1.5316	0.3699	0.6629	0.506	0.9656	0.9964	0.8356	0.8241
Boxe_EPreN4_VR_Testing_N1_S8_D	White_Man	3.999997	0.1507	1.0767	0.1777	30.327	342.7081	358.9586	0.1461	0.8501	-0.0832	325.1865	197.0348	309.0596	0.1739	0.8022	0.0093	48.7076	128.1597	75.1007	-0.2734	0.8654	1.6302	True	True	-0.0307	-0.0042	0.0237	-0.172	0.3573	0.918	52	52	1	1	0.4799	0.5766	0	0.4799	0.5766	0	-0.1863	0.3561	-0.9157	0	True	0.3177	0.0064	0.9193	0	184.7864	0	0.4255	1.4314	0.6686	0.1288	1.499	0.4277	0.6651	0.4912	0.9455	0.9906	0.814	0.826
Boxe_EPreN4_VR_Testing_N1_S8_D	White_Man	4.019997	0.121	1.0783	0.1834	28.9153	341.5723	0.2258	0.1416	0.8603	-0.0782	325.4093	193.2064	307.5534	0.1676	0.8256	0.0087	39.267	126.2846	75.504	-0.2439	0.7726	1.7852	True	True	-0.0296	-0.0044	0.0232	-0.0949	0.353	0.9308	52	52	1	1	0.5184	0.5816	0	0.5184	0.5816	0	-0.1088	0.352	-0.9297	0	True	0.3177	0.0066	0.9193	0	184.7864	0	0.4239	1.4287	0.6699	0.1246	1.4835	0.4556	0.6717	0.4881	0.9309	0.981	0.7965	0.8207
Boxe_EPreN4_VR_Testing_N1_S8_D	White_Man	4.039997	0.0962	1.084	0.1861	27.8738	340.6353	1.6562	0.1353	0.8688	-0.0728	323.2494	189.5361	306.9299	0.1607	0.8392	0.0117	36.4256	121.1899	72.3734	-0.1527	0.7287	1.8521	True	True	-0.0285	-0.0047	0.0229	-0.0304	0.3492	0.9366	52	52	1	1	0.5612	0.5894	0	0.5612	0.5894	0	-0.0437	0.3483	-0.9364	0	True	0.3177	0.0074	0.9193	0	184.7864	0	0.4204	1.4245	0.6714	0.1215	1.4625	0.5012	0.6757	0.4932	0.9194	0.9716	0.7935	0.8259
Boxe_EPreN4_VR_Testing_N1_S8_D	White_Man	4.059997	0.0565	1.0971	0.1878	25.8614	339.1797	3.8822	0.1215	0.8835	-0.0636	320.0403	183.8584	306.9873	0.1432	0.865	0.0208	34.0909	111.9853	66.1132	-0.0286	0.7143	1.8757	True	True	-0.0277	-0.0049	0.0227	0.0368	0.3538	0.9346	52	52	1	1	0.5948	0.5948	0	0.5948	0.5948	0	0.0241	0.3531	-0.9353	0	True	0.3177	0.0079	0.9193	0	184.7864	0	0.4091	1.419	0.67	0.1116	1.4384	0.5624	0.6786	0.5098	0.8939	0.9526	0.7893	0.8365
Boxe_EPreN4_VR_Testing_N1_S8_D	White_Man	4.079997	0.0359	1.1047	0.187	24.758	339.0342	4.7493	0.1165	0.8915	-0.0582	319.332	180.9475	306.8282	0.1309	0.8766	0.0246	34.3282	108.5405	63.1967	0.0636	0.816	1.8419	True	True	0.0332	-0.0038	0.0231	0.0416	0.4424	0.8959	52	52	1	1	0.6174	0.5945	0	0.6174	0.5945	0	0.0564	0.4421	-0.8952	0	True	0.3177	0.0081	0.9193	0	184.7864	0	0.4022	1.4161	0.6686	0.1088	1.4315	0.5912	0.6805	0.5249	0.8828	0.9408	0.7934	0.8446
Boxe_EPreN4_VR_Testing_N1_S8_D	White_Man	4.099997	-0.0005	1.1204	0.1821	22.9466	338.4718	6.4843	0.1079	0.9011	-0.0409	318.8402	173.7965	305.7683	0.1064	0.8993	0.0325	34.1519	104.1321	59.2378	0.2387	0.7006	1.8799	True	True	-0.0264	-0.0054	0.0225	0.1742	0.2862	0.9422	52	52	1	1	0.6506	0.6193	0	0.6506	0.6193	0	0.1629	0.2854	-0.9445	0	True	0.3177	0.0082	0.9193	0	184.7864	0	0.3858	1.4091	0.6644	0.1065	1.413	0.654	0.6821	0.5655	0.8587	0.9126	0.8064	0.8631
Boxe_EPreN4_VR_Testing_N1_S8_D	White_Man	4.119997	-0.0168	1.1288	0.1799	22.3514	337.9992	6.8412	0.1029	0.9008	-0.0312	318.9025	169.5922	306.802	0.0944	0.9097	0.0352	35.1575	101.6503	57.9145	0.3344	0.6282	1.8939	True	True	-0.0263	-0.0058	0.0224	0.2029	0.2712	0.9409	52	52	1	1	0.6573	0.6312	0	0.6573	0.6312	0	0.1918	0.2703	-0.9435	0	True	0.3177	0.0082	0.9193	0	184.7864	0	0.3802	1.4067	0.6629	0.1079	1.4076	0.6743	0.6842	0.5811	0.8502	0.9026	0.8102	0.8686
Boxe_EPreN4_VR_Testing_N1_S8_D	White_Man	4.139997	-0.0436	1.1454	0.1741	21.3152	337.2852	8.0884	0.0927	0.9068	-0.0142	318.3247	164.5517	306.6611	0.0901	0.9342	0.0374	41.5869	85.128	63.2327	0.3842	0.5528	1.9084	True	True	-0.0261	-0.0059	0.0223	0.2171	0.2309	0.9484	52	52	1	1	0.6647	0.6428	0	0.6647	0.6428	0	0.2062	0.2296	-0.9512	0	True	0.3177	0.0082	0.9193	0	184.7864	0	0.3684	1.401	0.6592	0.1135	1.395	0.7147	0.6858	0.6158	0.8259	0.8796	0.8196	0.8775
Boxe_EPreN4_VR_Testing_N1_S8_D	White_Man	4.159997	-0.0568	1.1544	0.171	20.9585	336.77	8.9866	0.0894	0.9147	-0.0063	317.9039	164.3301	303.9114	0.0737	0.9364	0.046	41.7613	83.5072	58.6638	0.4477	0.4858	1.911	True	True	-0.026	-0.0061	0.0223	0.2516	0.2074	0.9453	52	52	1	1	0.6753	0.6515	0	0.6753	0.6515	0	0.2411	0.2059	-0.9484	0	True	0.3177	0.0082	0.9193	0	184.7864	0	0.3645	1.399	0.6578	0.1159	1.3915	0.7273	0.6887	0.6288	0.8203	0.8667	0.8204	0.8753
Boxe_EPreN4_VR_Testing_N1_S8_D	White_Man	4.179997	-0.0675	1.1633	0.1684	20.58	336.1363	9.7496	0.0859	0.922	0.0012	318.2739	163.4089	302.508	0.0606	0.9336	0.0532	41.0217	76.3343	49.6526	0.4977	0.436	1.9085	True	True	-0.0259	-0.0063	0.0223	0.2735	0.1939	0.9421	52	52	1	1	0.681	0.6582	0	0.681	0.6582	0	0.2633	0.1923	-0.9454	0	True	0.3177	0.0081	0.9193	0	184.7864	0	0.3604	1.3965	0.6558	0.1182	1.3866	0.7405	0.6893	0.6417	0.8169	0.8539	0.8252	0.8738
Boxe_EPreN4_VR_Testing_N1_S8_D	White_Man	4.199997	-0.0848	1.1783	0.164	19.9949	335.3986	10.6187	0.0967	0.9185	-0.0052	321.3461	159.9843	302.5412	0.0383	0.9546	0.0556	39.8294	79.9544	55.5159	0.5487	0.3521	1.9091	True	True	-0.0255	-0.0064	0.0222	0.299	0.1415	0.9437	52	52	1	1	0.6955	0.671	0	0.6955	0.671	0	0.2891	0.1396	-0.9471	0	True	0.3177	0.0072	0.9193	0	184.7864	0	0.3545	1.3924	0.6521	0.121	1.3817	0.7585	0.6908	0.6612	0.8047	0.8504	0.8266	0.8935
Boxe_EPreN4_VR_Testing_N1_S8_D	White_Man	4.219997	-0.0939	1.186	0.1612	19.8582	335.0218	10.8295	0.0895	0.925	-0.0073	323.2076	157.4527	303.3446	0.0302	0.9604	0.0573	38.4464	81.0938	56.6552	0.5915	0.2973	1.9047	True	True	-0.0254	-0.0065	0.0223	0.3185	0.1279	0.9393	52	52	1	1	0.7024	0.6761	0	0.7024	0.6761	0	0.3089	0.1258	-0.9427	0	True	0.3177	0.0066	0.9193	0	184.7864	0	0.3521	1.3911	0.6506	0.1216	1.3803	0.7644	0.6931	0.6694	0.8007	0.8479	0.8275	0.8966
Boxe_EPreN4_VR_Testing_N1_S8_D	White_Man	4.239997	-0.1069	1.1981	0.1583	19.5092	333.9841	10.8272	0.0819	0.9368	-0.011	324.4204	154.1506	303.3879	0.0219	0.9715	0.0621	42.0953	74.1072	55.3698	0.6086	0.2456	1.9047	True	True	-0.0254	-0.0066	0.0222	0.3212	0.1047	0.9412	52	52	1	1	0.7028	0.6829	0	0.7028	0.6829	0	0.3116	0.1024	-0.9447	0	True	0.3177	0.0055	0.9193	0	184.7864	0	0.3452	1.389	0.6465	0.1219	1.3782	0.7761	0.6923	0.683	0.7876	0.8403	0.8277	0.9033
Boxe_EPreN4_VR_Testing_N1_S8_D	White_Man	4.259997	-0.1131	1.2042	0.1572	19.3986	333.5493	11.0991	0.0758	0.9483	-0.0194	323.0604	153.4211	303.7369	0.0212	0.9847	0.0704	44.8244	68.9943	53.904	0.6226	0.2005	1.9044	True	True	-0.0253	-0.0067	0.0222	0.3275	0.0856	0.941	52	52	1	1	0.7055	0.6884	0	0.7055	0.6884	0	0.318	0.0831	-0.9444	0	True	0.3177	0.0052	0.9193	0	184.7864	0	0.3426	1.3886	0.645	0.1215	1.3774	0.7791	0.6926	0.6869	0.7724	0.8405	0.8164	0.9076
Boxe_EPreN4_VR_Testing_N1_S8_D	White_Man	4.279997	-0.1227	1.2137	0.1556	19.4341	332.6657	11.5634	0.0712	0.9584	-0.0205	322.4022	150.9697	304.0219	0.0121	0.997	0.0777	43.4452	66.463	52.2929	0.6532	0.1458	1.8994	True	True	-0.0251	-0.0069	0.0222	0.3469	0.056	0.9362	52	52	1	1	0.7154	0.7002	0	0.7154	0.7002	0	0.3377	0.0532	-0.9398	0	True	0.3177	0.0059	0.9193	0	184.7864	0	0.3385	1.3893	0.6431	0.1206	1.3771	0.7834	0.6937	0.6928	0.7616	0.8351	0.8088	0.9077
Boxe_EPreN4_VR_Testing_N1_S8_D	White_Man	4.299997	-0.1275	1.2188	0.1557	19.5284	332.196	11.463	0.07	0.9612	-0.0195	322.4725	149.839	304.0776	0.0093	1.0028	0.0788	41.4974	68.2651	53.5454	0.6764	0.1173	1.8936	True	True	-0.0251	-0.0069	0.0222	0.3567	0.0513	0.9328	52	52	1	1	0.7187	0.7029	0	0.7187	0.7029	0	0.3477	0.0484	-0.9364	0	True	0.3177	0.0068	0.9193	0	184.7864	0	0.3385	1.3904	0.6432	0.1206	1.378	0.7835	0.6959	0.6936	0.7597	0.8339	0.8061	0.9061
